series_id,timestamp,target,promo,price
item-0,2025-01-06,50.9,1,8
item-0,2025-01-07,41.34,0,10
item-0,2025-01-08,42.11,0,10
item-0,2025-01-09,43.83,0,10
item-0,2025-01-10,40.4,0,10
item-0,2025-01-11,32.84,0,10
item-0,2025-01-12,37.15,0,10
item-0,2025-01-13,41.92,0,10
item-0,2025-01-14,43.32,0,10
item-0,2025-01-15,44.15,0,10
item-0,2025-01-16,44.59,0,10
item-0,2025-01-17,39.48,0,10
item-0,2025-01-18,44.01,1,8
item-0,2025-01-19,36.69,0,10
item-0,2025-01-20,39.87,0,10
item-0,2025-01-21,44.31,0,10
item-0,2025-01-22,57.07,1,8
item-0,2025-01-23,45.3,0,10
item-0,2025-01-24,37.75,0,10
item-0,2025-01-25,40.77,1,8
item-0,2025-01-26,31.64,0,10
item-0,2025-01-27,50.04,1,8
item-0,2025-01-28,44.06,0,10
item-0,2025-01-29,44.08,0,10
item-0,2025-01-30,46.65,0,10
item-0,2025-01-31,40.06,0,10
item-0,2025-02-01,34.42,0,10
item-0,2025-02-02,35.82,0,10
item-0,2025-02-03,40.92,0,10
item-0,2025-02-04,47.77,0,10
item-0,2025-02-05,44.82,0,10
item-0,2025-02-06,45.08,0,10
item-0,2025-02-07,39.98,0,10
item-0,2025-02-08,31.89,0,10
item-0,2025-02-09,37.04,0,10
item-0,2025-02-10,43.09,0,10
item-0,2025-02-11,45.14,0,10
item-0,2025-02-12,44.69,0,10
item-0,2025-02-13,46.4,0,10
item-0,2025-02-14,40.17,0,10
item-0,2025-02-15,32.69,0,10
item-0,2025-02-16,38.22,0,10
item-0,2025-02-17,44.58,0,10
item-0,2025-02-18,54.97,1,8
item-0,2025-02-19,46.07,0,10
item-0,2025-02-20,44.61,0,10
item-0,2025-02-21,37.41,0,10
item-0,2025-02-22,30.71,0,10
item-0,2025-02-23,37.49,0,10
item-0,2025-02-24,46.28,0,10
item-0,2025-02-25,46.37,0,10
item-0,2025-02-26,43.98,0,10
item-0,2025-02-27,54.53,1,8
item-0,2025-02-28,40.64,0,10
item-0,2025-03-01,33.97,0,10
item-0,2025-03-02,38.19,0,10
item-0,2025-03-03,43.24,0,10
item-0,2025-03-04,47.01,0,10
item-0,2025-03-05,55.13,1,8
item-0,2025-03-06,45.11,0,10
item-0,2025-03-07,40.04,0,10
item-0,2025-03-08,32.17,0,10
item-0,2025-03-09,35.97,0,10
item-0,2025-03-10,43.9,0,10
item-0,2025-03-11,58.01,1,8
item-0,2025-03-12,46.82,0,10
item-0,2025-03-13,54.29,1,8
item-0,2025-03-14,41.1,0,10
item-0,2025-03-15,42.42,1,8
item-0,2025-03-16,38.73,0,10
item-0,2025-03-17,42.4,0,10
item-0,2025-03-18,45.02,0,10
item-0,2025-03-19,46.15,0,10
item-0,2025-03-20,46.79,0,10
item-0,2025-03-21,42.6,0,10
item-0,2025-03-22,35.34,0,10
item-0,2025-03-23,34.84,0,10
item-0,2025-03-24,53.26,1,8
item-0,2025-03-25,50.3,0,10
item-0,2025-03-26,44.19,0,10
item-0,2025-03-27,56.2,1,8
item-0,2025-03-28,40.49,0,10
item-0,2025-03-29,43.27,1,8
item-0,2025-03-30,38.96,0,10
item-0,2025-03-31,45.59,0,10
item-0,2025-04-01,46.29,0,10
item-0,2025-04-02,46.29,0,10
item-0,2025-04-03,44.46,0,10
item-0,2025-04-04,52.27,1,8
item-0,2025-04-05,36.31,0,10
item-0,2025-04-06,38.45,0,10
item-0,2025-04-07,43.06,0,10
item-0,2025-04-08,48.07,0,10
item-0,2025-04-09,47.13,0,10
item-0,2025-04-10,56.26,1,8
item-0,2025-04-11,40.75,0,10
item-0,2025-04-12,46.37,1,8
item-0,2025-04-13,38.02,0,10
item-0,2025-04-14,53.8,1,8
item-0,2025-04-15,48.46,0,10
item-0,2025-04-16,45.9,0,10
item-0,2025-04-17,47.05,0,10
item-0,2025-04-18,51.51,1,8
item-0,2025-04-19,44.19,1,8
item-0,2025-04-20,38.49,0,10
item-0,2025-04-21,46.6,0,10
item-0,2025-04-22,46.58,0,10
item-0,2025-04-23,46.39,0,10
item-0,2025-04-24,45.28,0,10
item-0,2025-04-25,41.91,0,10
item-0,2025-04-26,35.76,0,10
item-0,2025-04-27,48.41,1,8
item-0,2025-04-28,46.74,0,10
item-0,2025-04-29,46.78,0,10
item-0,2025-04-30,54.39,1,8
item-0,2025-05-01,48.9,0,10
item-0,2025-05-02,52.09,1,8
item-0,2025-05-03,34.73,0,10
item-0,2025-05-04,41.36,0,10
item-0,2025-05-05,46.15,0,10
item-0,2025-05-06,46.0,0,10
item-0,2025-05-07,56.61,1,8
item-0,2025-05-08,47.03,0,10
item-0,2025-05-09,43.4,0,10
item-0,2025-05-10,44.21,1,8
item-0,2025-05-11,46.48,1,8
item-0,2025-05-12,47.18,0,10
item-0,2025-05-13,58.28,1,8
item-0,2025-05-14,58.89,1,8
item-0,2025-05-15,46.64,0,10
item-0,2025-05-16,42.68,0,10
item-0,2025-05-17,35.81,0,10
item-0,2025-05-18,37.26,0,10
item-0,2025-05-19,44.23,0,10
item-0,2025-05-20,55.45,1,8
item-0,2025-05-21,47.17,0,10
item-0,2025-05-22,50.85,0,10
item-0,2025-05-23,42.57,0,10
item-0,2025-05-24,37.61,0,10
item-0,2025-05-25,39.43,0,10
item-0,2025-05-26,44.26,0,10
item-0,2025-05-27,58.0,1,8
item-0,2025-05-28,49.2,0,10
item-0,2025-05-29,48.92,0,10
item-0,2025-05-30,42.77,0,10
item-0,2025-05-31,35.22,0,10
item-0,2025-06-01,38.15,0,10
item-0,2025-06-02,43.49,0,10
item-0,2025-06-03,45.97,0,10
item-0,2025-06-04,57.68,1,8
item-0,2025-06-05,49.46,0,10
item-0,2025-06-06,42.34,0,10
item-0,2025-06-07,37.26,0,10
item-0,2025-06-08,49.16,1,8
item-0,2025-06-09,45.12,0,10
item-0,2025-06-10,50.2,0,10
item-0,2025-06-11,58.31,1,8
item-0,2025-06-12,60.19,1,8
item-0,2025-06-13,54.37,1,8
item-0,2025-06-14,37.72,0,10
item-0,2025-06-15,41.48,0,10
item-0,2025-06-16,47.64,0,10
item-0,2025-06-17,48.88,0,10
item-0,2025-06-18,50.75,0,10
item-0,2025-06-19,49.43,0,10
item-0,2025-06-20,44.53,0,10
item-0,2025-06-21,38.93,0,10
item-0,2025-06-22,41.28,0,10
item-0,2025-06-23,47.77,0,10
item-0,2025-06-24,48.04,0,10
item-0,2025-06-25,60.0,1,8
item-0,2025-06-26,59.74,1,8
item-0,2025-06-27,54.57,1,8
item-0,2025-06-28,45.61,1,8
item-0,2025-06-29,50.33,1,8
item-0,2025-06-30,47.45,0,10
item-0,2025-07-01,48.31,0,10
item-0,2025-07-02,60.86,1,8
item-0,2025-07-03,48.0,0,10
item-0,2025-07-04,44.32,0,10
item-0,2025-07-05,38.05,0,10
item-0,2025-07-06,50.77,1,8
item-0,2025-07-07,47.97,0,10
item-0,2025-07-08,49.62,0,10
item-0,2025-07-09,48.53,0,10
item-0,2025-07-10,49.36,0,10
item-0,2025-07-11,54.65,1,8
item-0,2025-07-12,34.14,0,10
item-0,2025-07-13,41.66,0,10
item-0,2025-07-14,48.01,0,10
item-0,2025-07-15,62.44,1,8
item-0,2025-07-16,48.74,0,10
item-0,2025-07-17,60.8,1,8
item-0,2025-07-18,43.86,0,10
item-0,2025-07-19,46.67,1,8
item-0,2025-07-20,40.31,0,10
item-0,2025-07-21,48.5,0,10
item-0,2025-07-22,57.74,1,8
item-0,2025-07-23,51.83,0,10
item-0,2025-07-24,53.27,0,10
item-0,2025-07-25,45.06,0,10
item-0,2025-07-26,37.23,0,10
item-0,2025-07-27,41.82,0,10
item-0,2025-07-28,47.95,0,10
item-0,2025-07-29,53.38,0,10
item-0,2025-07-30,49.53,0,10
item-0,2025-07-31,59.83,1,8
item-0,2025-08-01,55.2,1,8
item-0,2025-08-02,40.79,0,10
item-0,2025-08-03,40.08,0,10
item-1,2025-01-06,45.63,0,10
item-1,2025-01-07,60.03,1,8
item-1,2025-01-08,49.17,0,10
item-1,2025-01-09,48.83,0,10
item-1,2025-01-10,42.33,0,10
item-1,2025-01-11,36.9,0,10
item-1,2025-01-12,49.47,1,8
item-1,2025-01-13,43.75,0,10
item-1,2025-01-14,48.35,0,10
item-1,2025-01-15,55.17,1,8
item-1,2025-01-16,49.72,0,10
item-1,2025-01-17,47.98,0,10
item-1,2025-01-18,37.92,0,10
item-1,2025-01-19,37.41,0,10
item-1,2025-01-20,59.1,1,8
item-1,2025-01-21,57.5,1,8
item-1,2025-01-22,48.37,0,10
item-1,2025-01-23,58.87,1,8
item-1,2025-01-24,42.81,0,10
item-1,2025-01-25,34.97,0,10
item-1,2025-01-26,48.55,1,8
item-1,2025-01-27,46.31,0,10
item-1,2025-01-28,58.99,1,8
item-1,2025-01-29,54.91,1,8
item-1,2025-01-30,49.05,0,10
item-1,2025-01-31,53.04,1,8
item-1,2025-02-01,32.37,0,10
item-1,2025-02-02,39.5,0,10
item-1,2025-02-03,47.49,0,10
item-1,2025-02-04,59.84,1,8
item-1,2025-02-05,46.24,0,10
item-1,2025-02-06,48.56,0,10
item-1,2025-02-07,43.79,0,10
item-1,2025-02-08,37.3,0,10
item-1,2025-02-09,39.4,0,10
item-1,2025-02-10,48.03,0,10
item-1,2025-02-11,51.53,0,10
item-1,2025-02-12,47.27,0,10
item-1,2025-02-13,56.45,1,8
item-1,2025-02-14,43.44,0,10
item-1,2025-02-15,39.02,0,10
item-1,2025-02-16,39.58,0,10
item-1,2025-02-17,55.25,1,8
item-1,2025-02-18,46.89,0,10
item-1,2025-02-19,47.4,0,10
item-1,2025-02-20,47.35,0,10
item-1,2025-02-21,43.81,0,10
item-1,2025-02-22,35.13,0,10
item-1,2025-02-23,39.2,0,10
item-1,2025-02-24,48.0,0,10
item-1,2025-02-25,47.27,0,10
item-1,2025-02-26,51.41,0,10
item-1,2025-02-27,48.33,0,10
item-1,2025-02-28,43.66,0,10
item-1,2025-03-01,46.6,1,8
item-1,2025-03-02,41.52,0,10
item-1,2025-03-03,47.13,0,10
item-1,2025-03-04,48.36,0,10
item-1,2025-03-05,51.21,0,10
item-1,2025-03-06,49.85,0,10
item-1,2025-03-07,43.59,0,10
item-1,2025-03-08,41.09,0,10
item-1,2025-03-09,41.08,0,10
item-1,2025-03-10,47.46,0,10
item-1,2025-03-11,59.23,1,8
item-1,2025-03-12,50.32,0,10
item-1,2025-03-13,61.25,1,8
item-1,2025-03-14,45.54,0,10
item-1,2025-03-15,39.27,0,10
item-1,2025-03-16,39.42,0,10
item-1,2025-03-17,59.62,1,8
item-1,2025-03-18,52.13,0,10
item-1,2025-03-19,49.99,0,10
item-1,2025-03-20,51.21,0,10
item-1,2025-03-21,43.32,0,10
item-1,2025-03-22,51.06,1,8
item-1,2025-03-23,39.94,0,10
item-1,2025-03-24,46.93,0,10
item-1,2025-03-25,53.55,0,10
item-1,2025-03-26,53.57,0,10
item-1,2025-03-27,50.18,0,10
item-1,2025-03-28,53.69,1,8
item-1,2025-03-29,46.69,1,8
item-1,2025-03-30,51.22,1,8
item-1,2025-03-31,45.92,0,10
item-1,2025-04-01,61.86,1,8
item-1,2025-04-02,47.47,0,10
item-1,2025-04-03,50.51,0,10
item-1,2025-04-04,42.34,0,10
item-1,2025-04-05,38.51,0,10
item-1,2025-04-06,51.42,1,8
item-1,2025-04-07,48.05,0,10
item-1,2025-04-08,47.96,0,10
item-1,2025-04-09,53.76,0,10
item-1,2025-04-10,51.66,0,10
item-1,2025-04-11,47.6,0,10
item-1,2025-04-12,36.87,0,10
item-1,2025-04-13,41.11,0,10
item-1,2025-04-14,61.85,1,8
item-1,2025-04-15,50.78,0,10
item-1,2025-04-16,49.24,0,10
item-1,2025-04-17,48.84,0,10
item-1,2025-04-18,45.24,0,10
item-1,2025-04-19,41.05,0,10
item-1,2025-04-20,51.1,1,8
item-1,2025-04-21,57.39,1,8
item-1,2025-04-22,50.37,0,10
item-1,2025-04-23,48.9,0,10
item-1,2025-04-24,50.36,0,10
item-1,2025-04-25,47.93,0,10
item-1,2025-04-26,51.41,1,8
item-1,2025-04-27,39.6,0,10
item-1,2025-04-28,49.01,0,10
item-1,2025-04-29,61.04,1,8
item-1,2025-04-30,51.92,0,10
item-1,2025-05-01,52.01,0,10
item-1,2025-05-02,47.08,0,10
item-1,2025-05-03,38.98,0,10
item-1,2025-05-04,50.57,1,8
item-1,2025-05-05,49.71,0,10
item-1,2025-05-06,52.51,0,10
item-1,2025-05-07,52.95,0,10
item-1,2025-05-08,51.03,0,10
item-1,2025-05-09,45.9,0,10
item-1,2025-05-10,49.03,1,8
item-1,2025-05-11,43.08,0,10
item-1,2025-05-12,61.49,1,8
item-1,2025-05-13,51.49,0,10
item-1,2025-05-14,53.31,0,10
item-1,2025-05-15,50.68,0,10
item-1,2025-05-16,48.8,0,10
item-1,2025-05-17,40.58,0,10
item-1,2025-05-18,42.59,0,10
item-1,2025-05-19,49.83,0,10
item-1,2025-05-20,61.34,1,8
item-1,2025-05-21,54.18,0,10
item-1,2025-05-22,60.77,1,8
item-1,2025-05-23,45.93,0,10
item-1,2025-05-24,41.35,0,10
item-1,2025-05-25,42.76,0,10
item-1,2025-05-26,48.14,0,10
item-1,2025-05-27,52.62,0,10
item-1,2025-05-28,51.4,0,10
item-1,2025-05-29,64.72,1,8
item-1,2025-05-30,56.46,1,8
item-1,2025-05-31,53.34,1,8
item-1,2025-06-01,52.21,1,8
item-1,2025-06-02,59.74,1,8
item-1,2025-06-03,55.15,0,10
item-1,2025-06-04,54.04,0,10
item-1,2025-06-05,51.78,0,10
item-1,2025-06-06,45.99,0,10
item-1,2025-06-07,52.95,1,8
item-1,2025-06-08,54.93,1,8
item-1,2025-06-09,52.58,0,10
item-1,2025-06-10,52.28,0,10
item-1,2025-06-11,54.42,0,10
item-1,2025-06-12,50.93,0,10
item-1,2025-06-13,58.52,1,8
item-1,2025-06-14,50.57,1,8
item-1,2025-06-15,41.05,0,10
item-1,2025-06-16,51.28,0,10
item-1,2025-06-17,49.39,0,10
item-1,2025-06-18,65.69,1,8
item-1,2025-06-19,51.9,0,10
item-1,2025-06-20,48.09,0,10
item-1,2025-06-21,42.95,0,10
item-1,2025-06-22,44.16,0,10
item-1,2025-06-23,51.98,0,10
item-1,2025-06-24,53.07,0,10
item-1,2025-06-25,54.13,0,10
item-1,2025-06-26,52.49,0,10
item-1,2025-06-27,58.23,1,8
item-1,2025-06-28,40.9,0,10
item-1,2025-06-29,54.08,1,8
item-1,2025-06-30,51.86,0,10
item-1,2025-07-01,63.11,1,8
item-1,2025-07-02,52.01,0,10
item-1,2025-07-03,52.42,0,10
item-1,2025-07-04,48.48,0,10
item-1,2025-07-05,51.94,1,8
item-1,2025-07-06,44.12,0,10
item-1,2025-07-07,61.39,1,8
item-1,2025-07-08,53.79,0,10
item-1,2025-07-09,52.14,0,10
item-1,2025-07-10,52.93,0,10
item-1,2025-07-11,49.52,0,10
item-1,2025-07-12,43.45,0,10
item-1,2025-07-13,42.33,0,10
item-1,2025-07-14,49.41,0,10
item-1,2025-07-15,53.25,0,10
item-1,2025-07-16,53.85,0,10
item-1,2025-07-17,54.48,0,10
item-1,2025-07-18,47.0,0,10
item-1,2025-07-19,43.21,0,10
item-1,2025-07-20,54.85,1,8
item-1,2025-07-21,51.04,0,10
item-1,2025-07-22,55.99,0,10
item-1,2025-07-23,52.26,0,10
item-1,2025-07-24,53.18,0,10
item-1,2025-07-25,46.98,0,10
item-1,2025-07-26,55.44,1,8
item-1,2025-07-27,45.83,0,10
item-1,2025-07-28,53.04,0,10
item-1,2025-07-29,54.26,0,10
item-1,2025-07-30,63.93,1,8
item-1,2025-07-31,54.44,0,10
item-1,2025-08-01,48.3,0,10
item-1,2025-08-02,42.66,0,10
item-1,2025-08-03,44.8,0,10
item-2,2025-01-06,49.36,0,10
item-2,2025-01-07,51.76,0,10
item-2,2025-01-08,51.23,0,10
item-2,2025-01-09,50.01,0,10
item-2,2025-01-10,47.26,0,10
item-2,2025-01-11,39.75,0,10
item-2,2025-01-12,42.55,0,10
item-2,2025-01-13,61.61,1,8
item-2,2025-01-14,64.68,1,8
item-2,2025-01-15,61.58,1,8
item-2,2025-01-16,53.77,0,10
item-2,2025-01-17,45.19,0,10
item-2,2025-01-18,50.22,1,8
item-2,2025-01-19,42.86,0,10
item-2,2025-01-20,60.3,1,8
item-2,2025-01-21,51.36,0,10
item-2,2025-01-22,54.93,0,10
item-2,2025-01-23,51.81,0,10
item-2,2025-01-24,55.4,1,8
item-2,2025-01-25,47.88,1,8
item-2,2025-01-26,43.64,0,10
item-2,2025-01-27,49.86,0,10
item-2,2025-01-28,62.26,1,8
item-2,2025-01-29,53.97,0,10
item-2,2025-01-30,51.6,0,10
item-2,2025-01-31,49.69,0,10
item-2,2025-02-01,42.91,0,10
item-2,2025-02-02,43.97,0,10
item-2,2025-02-03,51.2,0,10
item-2,2025-02-04,53.32,0,10
item-2,2025-02-05,54.28,0,10
item-2,2025-02-06,53.77,0,10
item-2,2025-02-07,46.85,0,10
item-2,2025-02-08,40.83,0,10
item-2,2025-02-09,44.59,0,10
item-2,2025-02-10,60.84,1,8
item-2,2025-02-11,53.34,0,10
item-2,2025-02-12,54.03,0,10
item-2,2025-02-13,51.84,0,10
item-2,2025-02-14,46.82,0,10
item-2,2025-02-15,41.09,0,10
item-2,2025-02-16,52.25,1,8
item-2,2025-02-17,54.76,0,10
item-2,2025-02-18,51.88,0,10
item-2,2025-02-19,53.32,0,10
item-2,2025-02-20,53.49,0,10
item-2,2025-02-21,49.1,0,10
item-2,2025-02-22,40.54,0,10
item-2,2025-02-23,44.36,0,10
item-2,2025-02-24,50.82,0,10
item-2,2025-02-25,53.35,0,10
item-2,2025-02-26,51.48,0,10
item-2,2025-02-27,53.23,0,10
item-2,2025-02-28,51.15,0,10
item-2,2025-03-01,42.66,0,10
item-2,2025-03-02,53.77,1,8
item-2,2025-03-03,62.16,1,8
item-2,2025-03-04,55.27,0,10
item-2,2025-03-05,53.55,0,10
item-2,2025-03-06,54.21,0,10
item-2,2025-03-07,58.5,1,8
item-2,2025-03-08,43.85,0,10
item-2,2025-03-09,44.39,0,10
item-2,2025-03-10,52.25,0,10
item-2,2025-03-11,54.0,0,10
item-2,2025-03-12,54.78,0,10
item-2,2025-03-13,53.51,0,10
item-2,2025-03-14,49.22,0,10
item-2,2025-03-15,43.01,0,10
item-2,2025-03-16,43.69,0,10
item-2,2025-03-17,53.43,0,10
item-2,2025-03-18,64.85,1,8
item-2,2025-03-19,55.5,0,10
item-2,2025-03-20,53.51,0,10
item-2,2025-03-21,60.68,1,8
item-2,2025-03-22,40.89,0,10
item-2,2025-03-23,55.81,1,8
item-2,2025-03-24,53.2,0,10
item-2,2025-03-25,54.41,0,10
item-2,2025-03-26,55.34,0,10
item-2,2025-03-27,53.37,0,10
item-2,2025-03-28,46.22,0,10
item-2,2025-03-29,43.25,0,10
item-2,2025-03-30,45.38,0,10
item-2,2025-03-31,54.04,0,10
item-2,2025-04-01,54.31,0,10
item-2,2025-04-02,53.07,0,10
item-2,2025-04-03,55.05,0,10
item-2,2025-04-04,48.86,0,10
item-2,2025-04-05,40.92,0,10
item-2,2025-04-06,44.83,0,10
item-2,2025-04-07,49.82,0,10
item-2,2025-04-08,54.08,0,10
item-2,2025-04-09,52.7,0,10
item-2,2025-04-10,58.7,0,10
item-2,2025-04-11,59.24,1,8
item-2,2025-04-12,45.85,0,10
item-2,2025-04-13,44.6,0,10
item-2,2025-04-14,55.31,0,10
item-2,2025-04-15,56.76,0,10
item-2,2025-04-16,55.57,0,10
item-2,2025-04-17,64.61,1,8
item-2,2025-04-18,51.07,0,10
item-2,2025-04-19,45.54,0,10
item-2,2025-04-20,45.47,0,10
item-2,2025-04-21,53.18,0,10
item-2,2025-04-22,54.33,0,10
item-2,2025-04-23,55.5,0,10
item-2,2025-04-24,65.51,1,8
item-2,2025-04-25,51.77,0,10
item-2,2025-04-26,42.93,0,10
item-2,2025-04-27,47.78,0,10
item-2,2025-04-28,52.23,0,10
item-2,2025-04-29,57.54,0,10
item-2,2025-04-30,58.64,0,10
item-2,2025-05-01,55.32,0,10
item-2,2025-05-02,59.72,1,8
item-2,2025-05-03,51.06,1,8
item-2,2025-05-04,46.87,0,10
item-2,2025-05-05,53.61,0,10
item-2,2025-05-06,58.18,0,10
item-2,2025-05-07,65.21,1,8
item-2,2025-05-08,51.64,0,10
item-2,2025-05-09,51.02,0,10
item-2,2025-05-10,43.11,0,10
item-2,2025-05-11,57.27,1,8
item-2,2025-05-12,51.72,0,10
item-2,2025-05-13,53.34,0,10
item-2,2025-05-14,53.68,0,10
item-2,2025-05-15,55.46,0,10
item-2,2025-05-16,51.06,0,10
item-2,2025-05-17,45.35,0,10
item-2,2025-05-18,46.89,0,10
item-2,2025-05-19,64.7,1,8
item-2,2025-05-20,58.42,0,10
item-2,2025-05-21,52.59,0,10
item-2,2025-05-22,56.7,0,10
item-2,2025-05-23,51.74,0,10
item-2,2025-05-24,45.22,0,10
item-2,2025-05-25,44.5,0,10
item-2,2025-05-26,55.13,0,10
item-2,2025-05-27,67.38,1,8
item-2,2025-05-28,55.75,0,10
item-2,2025-05-29,56.67,0,10
item-2,2025-05-30,52.26,0,10
item-2,2025-05-31,43.79,0,10
item-2,2025-06-01,46.7,0,10
item-2,2025-06-02,67.9,1,8
item-2,2025-06-03,56.5,0,10
item-2,2025-06-04,55.04,0,10
item-2,2025-06-05,54.42,0,10
item-2,2025-06-06,49.75,0,10
item-2,2025-06-07,45.44,0,10
item-2,2025-06-08,49.18,0,10
item-2,2025-06-09,62.88,1,8
item-2,2025-06-10,56.82,0,10
item-2,2025-06-11,55.4,0,10
item-2,2025-06-12,60.85,0,10
item-2,2025-06-13,51.61,0,10
item-2,2025-06-14,44.44,0,10
item-2,2025-06-15,47.91,0,10
item-2,2025-06-16,55.24,0,10
item-2,2025-06-17,67.6,1,8
item-2,2025-06-18,55.08,0,10
item-2,2025-06-19,55.39,0,10
item-2,2025-06-20,51.41,0,10
item-2,2025-06-21,43.88,0,10
item-2,2025-06-22,47.25,0,10
item-2,2025-06-23,55.47,0,10
item-2,2025-06-24,65.55,1,8
item-2,2025-06-25,59.07,0,10
item-2,2025-06-26,68.1,1,8
item-2,2025-06-27,52.42,0,10
item-2,2025-06-28,46.36,0,10
item-2,2025-06-29,46.32,0,10
item-2,2025-06-30,54.06,0,10
item-2,2025-07-01,57.62,0,10
item-2,2025-07-02,67.25,1,8
item-2,2025-07-03,58.16,0,10
item-2,2025-07-04,53.93,0,10
item-2,2025-07-05,47.26,0,10
item-2,2025-07-06,57.5,1,8
item-2,2025-07-07,65.52,1,8
item-2,2025-07-08,56.08,0,10
item-2,2025-07-09,56.87,0,10
item-2,2025-07-10,56.96,0,10
item-2,2025-07-11,61.02,1,8
item-2,2025-07-12,46.25,0,10
item-2,2025-07-13,51.09,0,10
item-2,2025-07-14,56.47,0,10
item-2,2025-07-15,67.21,1,8
item-2,2025-07-16,67.96,1,8
item-2,2025-07-17,59.51,0,10
item-2,2025-07-18,53.09,0,10
item-2,2025-07-19,45.45,0,10
item-2,2025-07-20,48.31,0,10
item-2,2025-07-21,54.75,0,10
item-2,2025-07-22,56.97,0,10
item-2,2025-07-23,57.26,0,10
item-2,2025-07-24,66.35,1,8
item-2,2025-07-25,53.77,0,10
item-2,2025-07-26,47.04,0,10
item-2,2025-07-27,59.57,1,8
item-2,2025-07-28,55.86,0,10
item-2,2025-07-29,56.49,0,10
item-2,2025-07-30,58.57,0,10
item-2,2025-07-31,66.97,1,8
item-2,2025-08-01,64.08,1,8
item-2,2025-08-02,54.49,1,8
item-2,2025-08-03,50.03,0,10
item-3,2025-01-06,53.45,0,10
item-3,2025-01-07,56.9,0,10
item-3,2025-01-08,53.25,0,10
item-3,2025-01-09,64.57,1,8
item-3,2025-01-10,50.0,0,10
item-3,2025-01-11,46.95,0,10
item-3,2025-01-12,59.73,1,8
item-3,2025-01-13,56.51,0,10
item-3,2025-01-14,64.92,1,8
item-3,2025-01-15,55.47,0,10
item-3,2025-01-16,55.71,0,10
item-3,2025-01-17,50.48,0,10
item-3,2025-01-18,45.49,0,10
item-3,2025-01-19,46.55,0,10
item-3,2025-01-20,57.71,0,10
item-3,2025-01-21,59.45,0,10
item-3,2025-01-22,56.76,0,10
item-3,2025-01-23,55.72,0,10
item-3,2025-01-24,50.9,0,10
item-3,2025-01-25,45.59,0,10
item-3,2025-01-26,45.74,0,10
item-3,2025-01-27,53.71,0,10
item-3,2025-01-28,57.9,0,10
item-3,2025-01-29,57.18,0,10
item-3,2025-01-30,56.64,0,10
item-3,2025-01-31,50.27,0,10
item-3,2025-02-01,55.42,1,8
item-3,2025-02-02,49.83,0,10
item-3,2025-02-03,56.73,0,10
item-3,2025-02-04,56.87,0,10
item-3,2025-02-05,57.28,0,10
item-3,2025-02-06,57.45,0,10
item-3,2025-02-07,51.05,0,10
item-3,2025-02-08,45.07,0,10
item-3,2025-02-09,57.08,1,8
item-3,2025-02-10,67.9,1,8
item-3,2025-02-11,66.93,1,8
item-3,2025-02-12,56.06,0,10
item-3,2025-02-13,55.19,0,10
item-3,2025-02-14,51.21,0,10
item-3,2025-02-15,46.76,0,10
item-3,2025-02-16,48.03,0,10
item-3,2025-02-17,54.44,0,10
item-3,2025-02-18,67.37,1,8
item-3,2025-02-19,57.91,0,10
item-3,2025-02-20,55.81,0,10
item-3,2025-02-21,53.3,0,10
item-3,2025-02-22,53.95,1,8
item-3,2025-02-23,46.7,0,10
item-3,2025-02-24,59.18,0,10
item-3,2025-02-25,56.1,0,10
item-3,2025-02-26,58.89,0,10
item-3,2025-02-27,58.65,0,10
item-3,2025-02-28,63.36,1,8
item-3,2025-03-01,46.66,0,10
item-3,2025-03-02,49.79,0,10
item-3,2025-03-03,67.24,1,8
item-3,2025-03-04,59.88,0,10
item-3,2025-03-05,57.29,0,10
item-3,2025-03-06,59.41,0,10
item-3,2025-03-07,53.24,0,10
item-3,2025-03-08,52.66,1,8
item-3,2025-03-09,51.47,0,10
item-3,2025-03-10,55.81,0,10
item-3,2025-03-11,56.54,0,10
item-3,2025-03-12,69.35,1,8
item-3,2025-03-13,67.39,1,8
item-3,2025-03-14,50.93,0,10
item-3,2025-03-15,46.85,0,10
item-3,2025-03-16,49.91,0,10
item-3,2025-03-17,55.77,0,10
item-3,2025-03-18,70.0,1,8
item-3,2025-03-19,67.23,1,8
item-3,2025-03-20,67.93,1,8
item-3,2025-03-21,53.92,0,10
item-3,2025-03-22,45.84,0,10
item-3,2025-03-23,57.58,1,8
item-3,2025-03-24,57.52,0,10
item-3,2025-03-25,65.91,1,8
item-3,2025-03-26,58.24,0,10
item-3,2025-03-27,58.07,0,10
item-3,2025-03-28,53.39,0,10
item-3,2025-03-29,46.04,0,10
item-3,2025-03-30,50.85,0,10
item-3,2025-03-31,58.51,0,10
item-3,2025-04-01,54.59,0,10
item-3,2025-04-02,55.7,0,10
item-3,2025-04-03,66.2,1,8
item-3,2025-04-04,54.55,0,10
item-3,2025-04-05,46.92,0,10
item-3,2025-04-06,48.54,0,10
item-3,2025-04-07,67.54,1,8
item-3,2025-04-08,66.06,1,8
item-3,2025-04-09,58.04,0,10
item-3,2025-04-10,58.49,0,10
item-3,2025-04-11,60.92,1,8
item-3,2025-04-12,49.22,0,10
item-3,2025-04-13,50.83,0,10
item-3,2025-04-14,57.95,0,10
item-3,2025-04-15,58.34,0,10
item-3,2025-04-16,57.72,0,10
item-3,2025-04-17,58.42,0,10
item-3,2025-04-18,52.93,0,10
item-3,2025-04-19,59.43,1,8
item-3,2025-04-20,50.4,0,10
item-3,2025-04-21,55.43,0,10
item-3,2025-04-22,70.25,1,8
item-3,2025-04-23,63.35,0,10
item-3,2025-04-24,60.4,0,10
item-3,2025-04-25,55.25,0,10
item-3,2025-04-26,46.46,0,10
item-3,2025-04-27,49.15,0,10
item-3,2025-04-28,68.38,1,8
item-3,2025-04-29,59.54,0,10
item-3,2025-04-30,61.47,0,10
item-3,2025-05-01,55.76,0,10
item-3,2025-05-02,55.98,0,10
item-3,2025-05-03,48.31,0,10
item-3,2025-05-04,61.31,1,8
item-3,2025-05-05,56.38,0,10
item-3,2025-05-06,59.35,0,10
item-3,2025-05-07,61.22,0,10
item-3,2025-05-08,63.08,0,10
item-3,2025-05-09,54.31,0,10
item-3,2025-05-10,49.58,0,10
item-3,2025-05-11,50.95,0,10
item-3,2025-05-12,59.24,0,10
item-3,2025-05-13,62.02,0,10
item-3,2025-05-14,70.93,1,8
item-3,2025-05-15,57.52,0,10
item-3,2025-05-16,55.8,0,10
item-3,2025-05-17,46.36,0,10
item-3,2025-05-18,47.63,0,10
item-3,2025-05-19,59.87,0,10
item-3,2025-05-20,60.64,0,10
item-3,2025-05-21,59.0,0,10
item-3,2025-05-22,61.86,0,10
item-3,2025-05-23,55.27,0,10
item-3,2025-05-24,46.48,0,10
item-3,2025-05-25,61.55,1,8
item-3,2025-05-26,60.06,0,10
item-3,2025-05-27,59.18,0,10
item-3,2025-05-28,70.28,1,8
item-3,2025-05-29,61.23,0,10
item-3,2025-05-30,53.85,0,10
item-3,2025-05-31,50.84,0,10
item-3,2025-06-01,50.15,0,10
item-3,2025-06-02,55.46,0,10
item-3,2025-06-03,61.54,0,10
item-3,2025-06-04,62.46,0,10
item-3,2025-06-05,69.44,1,8
item-3,2025-06-06,66.06,1,8
item-3,2025-06-07,48.74,0,10
item-3,2025-06-08,54.5,0,10
item-3,2025-06-09,54.68,0,10
item-3,2025-06-10,59.1,0,10
item-3,2025-06-11,60.13,0,10
item-3,2025-06-12,58.64,0,10
item-3,2025-06-13,54.52,0,10
item-3,2025-06-14,48.45,0,10
item-3,2025-06-15,51.57,0,10
item-3,2025-06-16,60.31,0,10
item-3,2025-06-17,60.19,0,10
item-3,2025-06-18,60.99,0,10
item-3,2025-06-19,70.33,1,8
item-3,2025-06-20,65.42,1,8
item-3,2025-06-21,62.08,1,8
item-3,2025-06-22,50.65,0,10
item-3,2025-06-23,60.21,0,10
item-3,2025-06-24,58.33,0,10
item-3,2025-06-25,57.47,0,10
item-3,2025-06-26,61.7,0,10
item-3,2025-06-27,66.21,1,8
item-3,2025-06-28,49.9,0,10
item-3,2025-06-29,49.33,0,10
item-3,2025-06-30,59.86,0,10
item-3,2025-07-01,60.15,0,10
item-3,2025-07-02,59.86,0,10
item-3,2025-07-03,73.77,1,8
item-3,2025-07-04,54.94,0,10
item-3,2025-07-05,48.39,0,10
item-3,2025-07-06,61.4,1,8
item-3,2025-07-07,61.28,0,10
item-3,2025-07-08,59.89,0,10
item-3,2025-07-09,72.07,1,8
item-3,2025-07-10,59.64,0,10
item-3,2025-07-11,56.33,0,10
item-3,2025-07-12,49.14,0,10
item-3,2025-07-13,52.55,0,10
item-3,2025-07-14,60.05,0,10
item-3,2025-07-15,60.41,0,10
item-3,2025-07-16,59.99,0,10
item-3,2025-07-17,59.78,0,10
item-3,2025-07-18,55.98,0,10
item-3,2025-07-19,49.77,0,10
item-3,2025-07-20,64.35,1,8
item-3,2025-07-21,58.68,0,10
item-3,2025-07-22,61.75,0,10
item-3,2025-07-23,64.64,0,10
item-3,2025-07-24,75.63,1,8
item-3,2025-07-25,58.0,0,10
item-3,2025-07-26,49.32,0,10
item-3,2025-07-27,54.71,0,10
item-3,2025-07-28,59.59,0,10
item-3,2025-07-29,61.54,0,10
item-3,2025-07-30,73.84,1,8
item-3,2025-07-31,61.81,0,10
item-3,2025-08-01,66.34,1,8
item-3,2025-08-02,61.02,1,8
item-3,2025-08-03,59.85,1,8
item-4,2025-01-06,57.58,0,10
item-4,2025-01-07,61.56,0,10
item-4,2025-01-08,60.96,0,10
item-4,2025-01-09,59.96,0,10
item-4,2025-01-10,56.52,0,10
item-4,2025-01-11,58.24,1,8
item-4,2025-01-12,49.13,0,10
item-4,2025-01-13,59.31,0,10
item-4,2025-01-14,61.36,0,10
item-4,2025-01-15,58.98,0,10
item-4,2025-01-16,58.61,0,10
item-4,2025-01-17,56.24,0,10
item-4,2025-01-18,46.84,0,10
item-4,2025-01-19,51.51,0,10
item-4,2025-01-20,69.31,1,8
item-4,2025-01-21,60.59,0,10
item-4,2025-01-22,58.76,0,10
item-4,2025-01-23,61.06,0,10
item-4,2025-01-24,55.88,0,10
item-4,2025-01-25,51.42,0,10
item-4,2025-01-26,53.17,0,10
item-4,2025-01-27,55.93,0,10
item-4,2025-01-28,60.86,0,10
item-4,2025-01-29,62.62,0,10
item-4,2025-01-30,63.11,0,10
item-4,2025-01-31,53.54,0,10
item-4,2025-02-01,49.37,0,10
item-4,2025-02-02,50.65,0,10
item-4,2025-02-03,59.34,0,10
item-4,2025-02-04,58.95,0,10
item-4,2025-02-05,63.51,0,10
item-4,2025-02-06,60.91,0,10
item-4,2025-02-07,66.53,1,8
item-4,2025-02-08,60.12,1,8
item-4,2025-02-09,53.83,0,10
item-4,2025-02-10,58.17,0,10
item-4,2025-02-11,58.77,0,10
item-4,2025-02-12,64.6,0,10
item-4,2025-02-13,69.91,1,8
item-4,2025-02-14,58.43,0,10
item-4,2025-02-15,48.37,0,10
item-4,2025-02-16,62.0,1,8
item-4,2025-02-17,60.81,0,10
item-4,2025-02-18,59.65,0,10
item-4,2025-02-19,58.25,0,10
item-4,2025-02-20,60.93,0,10
item-4,2025-02-21,59.19,0,10
item-4,2025-02-22,50.52,0,10
item-4,2025-02-23,53.05,0,10
item-4,2025-02-24,59.76,0,10
item-4,2025-02-25,75.02,1,8
item-4,2025-02-26,61.28,0,10
item-4,2025-02-27,61.6,0,10
item-4,2025-02-28,58.03,0,10
item-4,2025-03-01,50.04,0,10
item-4,2025-03-02,51.19,0,10
item-4,2025-03-03,61.95,0,10
item-4,2025-03-04,62.09,0,10
item-4,2025-03-05,61.01,0,10
item-4,2025-03-06,60.1,0,10
item-4,2025-03-07,55.64,0,10
item-4,2025-03-08,59.06,1,8
item-4,2025-03-09,51.88,0,10
item-4,2025-03-10,68.22,1,8
item-4,2025-03-11,60.96,0,10
item-4,2025-03-12,60.91,0,10
item-4,2025-03-13,62.46,0,10
item-4,2025-03-14,56.5,0,10
item-4,2025-03-15,50.6,0,10
item-4,2025-03-16,52.59,0,10
item-4,2025-03-17,62.41,0,10
item-4,2025-03-18,64.18,0,10
item-4,2025-03-19,61.33,0,10
item-4,2025-03-20,74.75,1,8
item-4,2025-03-21,57.02,0,10
item-4,2025-03-22,59.16,1,8
item-4,2025-03-23,51.66,0,10
item-4,2025-03-24,61.08,0,10
item-4,2025-03-25,64.09,0,10
item-4,2025-03-26,64.32,0,10
item-4,2025-03-27,63.07,0,10
item-4,2025-03-28,57.77,0,10
item-4,2025-03-29,52.7,0,10
item-4,2025-03-30,54.79,0,10
item-4,2025-03-31,61.95,0,10
item-4,2025-04-01,65.67,0,10
item-4,2025-04-02,72.51,1,8
item-4,2025-04-03,61.68,0,10
item-4,2025-04-04,56.31,0,10
item-4,2025-04-05,61.68,1,8
item-4,2025-04-06,53.33,0,10
item-4,2025-04-07,70.86,1,8
item-4,2025-04-08,62.86,0,10
item-4,2025-04-09,63.27,0,10
item-4,2025-04-10,64.31,0,10
item-4,2025-04-11,58.31,0,10
item-4,2025-04-12,50.75,0,10
item-4,2025-04-13,55.05,0,10
item-4,2025-04-14,63.75,0,10
item-4,2025-04-15,65.97,0,10
item-4,2025-04-16,63.59,0,10
item-4,2025-04-17,61.91,0,10
item-4,2025-04-18,57.31,0,10
item-4,2025-04-19,50.42,0,10
item-4,2025-04-20,54.93,0,10
item-4,2025-04-21,62.6,0,10
item-4,2025-04-22,71.95,1,8
item-4,2025-04-23,73.26,1,8
item-4,2025-04-24,71.49,1,8
item-4,2025-04-25,56.75,0,10
item-4,2025-04-26,52.47,0,10
item-4,2025-04-27,61.69,1,8
item-4,2025-04-28,72.77,1,8
item-4,2025-04-29,64.34,0,10
item-4,2025-04-30,63.78,0,10
item-4,2025-05-01,74.29,1,8
item-4,2025-05-02,57.85,0,10
item-4,2025-05-03,51.53,0,10
item-4,2025-05-04,55.38,0,10
item-4,2025-05-05,71.05,1,8
item-4,2025-05-06,63.97,0,10
item-4,2025-05-07,62.96,0,10
item-4,2025-05-08,64.52,0,10
item-4,2025-05-09,56.45,0,10
item-4,2025-05-10,53.78,0,10
item-4,2025-05-11,51.24,0,10
item-4,2025-05-12,61.04,0,10
item-4,2025-05-13,65.53,0,10
item-4,2025-05-14,65.53,0,10
item-4,2025-05-15,63.51,0,10
item-4,2025-05-16,58.39,0,10
item-4,2025-05-17,51.48,0,10
item-4,2025-05-18,64.67,1,8
item-4,2025-05-19,61.39,0,10
item-4,2025-05-20,66.29,0,10
item-4,2025-05-21,63.73,0,10
item-4,2025-05-22,73.31,1,8
item-4,2025-05-23,57.16,0,10
item-4,2025-05-24,51.68,0,10
item-4,2025-05-25,54.01,0,10
item-4,2025-05-26,61.16,0,10
item-4,2025-05-27,65.02,0,10
item-4,2025-05-28,63.92,0,10
item-4,2025-05-29,61.7,0,10
item-4,2025-05-30,58.84,0,10
item-4,2025-05-31,52.31,0,10
item-4,2025-06-01,56.17,0,10
item-4,2025-06-02,61.19,0,10
item-4,2025-06-03,67.3,0,10
item-4,2025-06-04,64.43,0,10
item-4,2025-06-05,74.96,1,8
item-4,2025-06-06,68.73,1,8
item-4,2025-06-07,51.98,0,10
item-4,2025-06-08,57.31,0,10
item-4,2025-06-09,64.37,0,10
item-4,2025-06-10,67.94,0,10
item-4,2025-06-11,66.33,0,10
item-4,2025-06-12,72.85,1,8
item-4,2025-06-13,60.29,0,10
item-4,2025-06-14,55.5,0,10
item-4,2025-06-15,69.19,1,8
item-4,2025-06-16,60.47,0,10
item-4,2025-06-17,65.59,0,10
item-4,2025-06-18,65.98,0,10
item-4,2025-06-19,76.36,1,8
item-4,2025-06-20,59.97,0,10
item-4,2025-06-21,62.86,1,8
item-4,2025-06-22,65.99,1,8
item-4,2025-06-23,63.63,0,10
item-4,2025-06-24,66.68,0,10
item-4,2025-06-25,64.75,0,10
item-4,2025-06-26,64.66,0,10
item-4,2025-06-27,58.85,0,10
item-4,2025-06-28,54.1,0,10
item-4,2025-06-29,65.99,1,8
item-4,2025-06-30,62.48,0,10
item-4,2025-07-01,66.5,0,10
item-4,2025-07-02,64.02,0,10
item-4,2025-07-03,65.58,0,10
item-4,2025-07-04,61.72,0,10
item-4,2025-07-05,55.06,0,10
item-4,2025-07-06,66.37,1,8
item-4,2025-07-07,63.02,0,10
item-4,2025-07-08,63.96,0,10
item-4,2025-07-09,65.27,0,10
item-4,2025-07-10,63.37,0,10
item-4,2025-07-11,60.24,0,10
item-4,2025-07-12,53.65,0,10
item-4,2025-07-13,55.63,0,10
item-4,2025-07-14,63.13,0,10
item-4,2025-07-15,66.98,0,10
item-4,2025-07-16,67.89,0,10
item-4,2025-07-17,63.82,0,10
item-4,2025-07-18,59.28,0,10
item-4,2025-07-19,53.84,0,10
item-4,2025-07-20,57.07,0,10
item-4,2025-07-21,73.67,1,8
item-4,2025-07-22,65.88,0,10
item-4,2025-07-23,75.45,1,8
item-4,2025-07-24,77.07,1,8
item-4,2025-07-25,70.95,1,8
item-4,2025-07-26,52.89,0,10
item-4,2025-07-27,56.3,0,10
item-4,2025-07-28,62.91,0,10
item-4,2025-07-29,78.03,1,8
item-4,2025-07-30,64.79,0,10
item-4,2025-07-31,67.61,0,10
item-4,2025-08-01,59.14,0,10
item-4,2025-08-02,51.97,0,10
item-4,2025-08-03,56.72,0,10
item-5,2025-01-06,60.65,0,10
item-5,2025-01-07,72.9,1,8
item-5,2025-01-08,64.9,0,10
item-5,2025-01-09,63.34,0,10
item-5,2025-01-10,69.43,1,8
item-5,2025-01-11,52.78,0,10
item-5,2025-01-12,54.98,0,10
item-5,2025-01-13,60.73,0,10
item-5,2025-01-14,64.91,0,10
item-5,2025-01-15,73.26,1,8
item-5,2025-01-16,73.82,1,8
item-5,2025-01-17,59.54,0,10
item-5,2025-01-18,61.84,1,8
item-5,2025-01-19,55.14,0,10
item-5,2025-01-20,61.85,0,10
item-5,2025-01-21,64.41,0,10
item-5,2025-01-22,66.3,0,10
item-5,2025-01-23,62.51,0,10
item-5,2025-01-24,60.88,0,10
item-5,2025-01-25,52.9,0,10
item-5,2025-01-26,63.88,1,8
item-5,2025-01-27,62.65,0,10
item-5,2025-01-28,76.4,1,8
item-5,2025-01-29,63.5,0,10
item-5,2025-01-30,67.0,0,10
item-5,2025-01-31,60.03,0,10
item-5,2025-02-01,54.05,0,10
item-5,2025-02-02,56.36,0,10
item-5,2025-02-03,62.11,0,10
item-5,2025-02-04,64.32,0,10
item-5,2025-02-05,64.08,0,10
item-5,2025-02-06,75.68,1,8
item-5,2025-02-07,69.75,1,8
item-5,2025-02-08,63.63,1,8
item-5,2025-02-09,57.85,0,10
item-5,2025-02-10,63.88,0,10
item-5,2025-02-11,66.81,0,10
item-5,2025-02-12,76.81,1,8
item-5,2025-02-13,65.35,0,10
item-5,2025-02-14,59.5,0,10
item-5,2025-02-15,64.72,1,8
item-5,2025-02-16,60.92,0,10
item-5,2025-02-17,73.44,1,8
item-5,2025-02-18,64.24,0,10
item-5,2025-02-19,66.15,0,10
item-5,2025-02-20,67.2,0,10
item-5,2025-02-21,60.11,0,10
item-5,2025-02-22,52.78,0,10
item-5,2025-02-23,55.3,0,10
item-5,2025-02-24,62.2,0,10
item-5,2025-02-25,68.71,0,10
item-5,2025-02-26,64.87,0,10
item-5,2025-02-27,67.02,0,10
item-5,2025-02-28,69.98,1,8
item-5,2025-03-01,53.64,0,10
item-5,2025-03-02,57.1,0,10
item-5,2025-03-03,62.04,0,10
item-5,2025-03-04,67.18,0,10
item-5,2025-03-05,65.9,0,10
item-5,2025-03-06,66.76,0,10
item-5,2025-03-07,72.18,1,8
item-5,2025-03-08,65.72,1,8
item-5,2025-03-09,58.86,0,10
item-5,2025-03-10,75.32,1,8
item-5,2025-03-11,65.49,0,10
item-5,2025-03-12,66.24,0,10
item-5,2025-03-13,63.29,0,10
item-5,2025-03-14,71.86,1,8
item-5,2025-03-15,54.69,0,10
item-5,2025-03-16,56.2,0,10
item-5,2025-03-17,63.24,0,10
item-5,2025-03-18,78.73,1,8
item-5,2025-03-19,64.41,0,10
item-5,2025-03-20,69.28,0,10
item-5,2025-03-21,58.32,0,10
item-5,2025-03-22,56.39,0,10
item-5,2025-03-23,59.14,0,10
item-5,2025-03-24,64.38,0,10
item-5,2025-03-25,65.02,0,10
item-5,2025-03-26,64.89,0,10
item-5,2025-03-27,66.14,0,10
item-5,2025-03-28,61.58,0,10
item-5,2025-03-29,64.26,1,8
item-5,2025-03-30,59.08,0,10
item-5,2025-03-31,63.04,0,10
item-5,2025-04-01,65.86,0,10
item-5,2025-04-02,67.42,0,10
item-5,2025-04-03,67.23,0,10
item-5,2025-04-04,60.24,0,10
item-5,2025-04-05,56.5,0,10
item-5,2025-04-06,67.97,1,8
item-5,2025-04-07,64.71,0,10
item-5,2025-04-08,67.35,0,10
item-5,2025-04-09,65.63,0,10
item-5,2025-04-10,66.71,0,10
item-5,2025-04-11,59.34,0,10
item-5,2025-04-12,55.31,0,10
item-5,2025-04-13,55.63,0,10
item-5,2025-04-14,62.06,0,10
item-5,2025-04-15,67.98,0,10
item-5,2025-04-16,71.01,0,10
item-5,2025-04-17,76.39,1,8
item-5,2025-04-18,61.96,0,10
item-5,2025-04-19,54.63,0,10
item-5,2025-04-20,57.39,0,10
item-5,2025-04-21,65.55,0,10
item-5,2025-04-22,70.16,0,10
item-5,2025-04-23,65.95,0,10
item-5,2025-04-24,74.92,1,8
item-5,2025-04-25,72.02,1,8
item-5,2025-04-26,53.27,0,10
item-5,2025-04-27,69.94,1,8
item-5,2025-04-28,75.43,1,8
item-5,2025-04-29,70.82,0,10
item-5,2025-04-30,77.95,1,8
item-5,2025-05-01,76.29,1,8
item-5,2025-05-02,61.06,0,10
item-5,2025-05-03,56.26,0,10
item-5,2025-05-04,60.09,0,10
item-5,2025-05-05,66.94,0,10
item-5,2025-05-06,67.46,0,10
item-5,2025-05-07,70.84,0,10
item-5,2025-05-08,65.29,0,10
item-5,2025-05-09,60.31,0,10
item-5,2025-05-10,55.85,0,10
item-5,2025-05-11,57.97,0,10
item-5,2025-05-12,66.38,0,10
item-5,2025-05-13,76.25,1,8
item-5,2025-05-14,69.53,0,10
item-5,2025-05-15,69.12,0,10
item-5,2025-05-16,64.82,0,10
item-5,2025-05-17,57.72,0,10
item-5,2025-05-18,57.67,0,10
item-5,2025-05-19,67.92,0,10
item-5,2025-05-20,76.59,1,8
item-5,2025-05-21,67.25,0,10
item-5,2025-05-22,69.02,0,10
item-5,2025-05-23,64.12,0,10
item-5,2025-05-24,58.34,0,10
item-5,2025-05-25,56.64,0,10
item-5,2025-05-26,64.07,0,10
item-5,2025-05-27,67.18,0,10
item-5,2025-05-28,69.21,0,10
item-5,2025-05-29,68.72,0,10
item-5,2025-05-30,62.45,0,10
item-5,2025-05-31,66.94,1,8
item-5,2025-06-01,67.94,1,8
item-5,2025-06-02,66.45,0,10
item-5,2025-06-03,69.19,0,10
item-5,2025-06-04,68.96,0,10
item-5,2025-06-05,68.62,0,10
item-5,2025-06-06,72.0,1,8
item-5,2025-06-07,67.71,1,8
item-5,2025-06-08,58.33,0,10
item-5,2025-06-09,66.59,0,10
item-5,2025-06-10,78.24,1,8
item-5,2025-06-11,66.48,0,10
item-5,2025-06-12,79.39,1,8
item-5,2025-06-13,62.08,0,10
item-5,2025-06-14,55.8,0,10
item-5,2025-06-15,60.28,0,10
item-5,2025-06-16,77.43,1,8
item-5,2025-06-17,77.1,1,8
item-5,2025-06-18,67.74,0,10
item-5,2025-06-19,68.7,0,10
item-5,2025-06-20,63.61,0,10
item-5,2025-06-21,57.64,0,10
item-5,2025-06-22,61.45,0,10
item-5,2025-06-23,65.27,0,10
item-5,2025-06-24,70.17,0,10
item-5,2025-06-25,69.9,0,10
item-5,2025-06-26,68.01,0,10
item-5,2025-06-27,63.12,0,10
item-5,2025-06-28,56.83,0,10
item-5,2025-06-29,59.91,0,10
item-5,2025-06-30,67.14,0,10
item-5,2025-07-01,70.41,0,10
item-5,2025-07-02,71.03,0,10
item-5,2025-07-03,69.92,0,10
item-5,2025-07-04,72.23,1,8
item-5,2025-07-05,66.62,1,8
item-5,2025-07-06,57.11,0,10
item-5,2025-07-07,65.19,0,10
item-5,2025-07-08,68.38,0,10
item-5,2025-07-09,67.37,0,10
item-5,2025-07-10,67.97,0,10
item-5,2025-07-11,64.65,0,10
item-5,2025-07-12,57.26,0,10
item-5,2025-07-13,60.43,0,10
item-5,2025-07-14,67.33,0,10
item-5,2025-07-15,68.85,0,10
item-5,2025-07-16,70.52,0,10
item-5,2025-07-17,70.59,0,10
item-5,2025-07-18,63.94,0,10
item-5,2025-07-19,57.94,0,10
item-5,2025-07-20,58.96,0,10
item-5,2025-07-21,78.5,1,8
item-5,2025-07-22,78.13,1,8
item-5,2025-07-23,69.99,0,10
item-5,2025-07-24,71.52,0,10
item-5,2025-07-25,63.78,0,10
item-5,2025-07-26,70.74,1,8
item-5,2025-07-27,62.37,0,10
item-5,2025-07-28,68.15,0,10
item-5,2025-07-29,71.74,0,10
item-5,2025-07-30,71.82,0,10
item-5,2025-07-31,70.57,0,10
item-5,2025-08-01,76.04,1,8
item-5,2025-08-02,60.28,0,10
item-5,2025-08-03,72.83,1,8
item-6,2025-01-06,64.69,0,10
item-6,2025-01-07,69.75,0,10
item-6,2025-01-08,67.35,0,10
item-6,2025-01-09,70.5,0,10
item-6,2025-01-10,60.99,0,10
item-6,2025-01-11,55.91,0,10
item-6,2025-01-12,58.97,0,10
item-6,2025-01-13,66.84,0,10
item-6,2025-01-14,67.87,0,10
item-6,2025-01-15,80.13,1,8
item-6,2025-01-16,67.94,0,10
item-6,2025-01-17,63.79,0,10
item-6,2025-01-18,58.12,0,10
item-6,2025-01-19,58.28,0,10
item-6,2025-01-20,68.34,0,10
item-6,2025-01-21,72.28,0,10
item-6,2025-01-22,69.17,0,10
item-6,2025-01-23,80.27,1,8
item-6,2025-01-24,63.98,0,10
item-6,2025-01-25,53.93,0,10
item-6,2025-01-26,59.12,0,10
item-6,2025-01-27,68.33,0,10
item-6,2025-01-28,65.0,0,10
item-6,2025-01-29,68.84,0,10
item-6,2025-01-30,67.11,0,10
item-6,2025-01-31,73.21,1,8
item-6,2025-02-01,59.52,0,10
item-6,2025-02-02,69.9,1,8
item-6,2025-02-03,68.61,0,10
item-6,2025-02-04,68.9,0,10
item-6,2025-02-05,75.98,1,8
item-6,2025-02-06,71.82,0,10
item-6,2025-02-07,62.32,0,10
item-6,2025-02-08,59.35,0,10
item-6,2025-02-09,60.3,0,10
item-6,2025-02-10,65.91,0,10
item-6,2025-02-11,69.75,0,10
item-6,2025-02-12,71.49,0,10
item-6,2025-02-13,69.02,0,10
item-6,2025-02-14,63.35,0,10
item-6,2025-02-15,58.88,0,10
item-6,2025-02-16,60.96,0,10
item-6,2025-02-17,66.53,0,10
item-6,2025-02-18,79.45,1,8
item-6,2025-02-19,69.09,0,10
item-6,2025-02-20,68.15,0,10
item-6,2025-02-21,64.85,0,10
item-6,2025-02-22,69.42,1,8
item-6,2025-02-23,69.34,1,8
item-6,2025-02-24,67.68,0,10
item-6,2025-02-25,69.1,0,10
item-6,2025-02-26,81.63,1,8
item-6,2025-02-27,70.17,0,10
item-6,2025-02-28,64.09,0,10
item-6,2025-03-01,57.1,0,10
item-6,2025-03-02,56.97,0,10
item-6,2025-03-03,68.49,0,10
item-6,2025-03-04,69.9,0,10
item-6,2025-03-05,68.9,0,10
item-6,2025-03-06,69.6,0,10
item-6,2025-03-07,67.17,0,10
item-6,2025-03-08,58.27,0,10
item-6,2025-03-09,70.93,1,8
item-6,2025-03-10,68.45,0,10
item-6,2025-03-11,71.02,0,10
item-6,2025-03-12,66.29,0,10
item-6,2025-03-13,69.02,0,10
item-6,2025-03-14,64.92,0,10
item-6,2025-03-15,57.28,0,10
item-6,2025-03-16,61.22,0,10
item-6,2025-03-17,69.1,0,10
item-6,2025-03-18,72.76,0,10
item-6,2025-03-19,70.39,0,10
item-6,2025-03-20,72.62,0,10
item-6,2025-03-21,64.57,0,10
item-6,2025-03-22,55.97,0,10
item-6,2025-03-23,69.75,1,8
item-6,2025-03-24,67.2,0,10
item-6,2025-03-25,68.3,0,10
item-6,2025-03-26,66.95,0,10
item-6,2025-03-27,68.72,0,10
item-6,2025-03-28,63.75,0,10
item-6,2025-03-29,61.75,0,10
item-6,2025-03-30,59.43,0,10
item-6,2025-03-31,69.63,0,10
item-6,2025-04-01,71.43,0,10
item-6,2025-04-02,71.5,0,10
item-6,2025-04-03,70.89,0,10
item-6,2025-04-04,66.51,0,10
item-6,2025-04-05,60.63,0,10
item-6,2025-04-06,61.79,0,10
item-6,2025-04-07,69.43,0,10
item-6,2025-04-08,79.43,1,8
item-6,2025-04-09,72.59,0,10
item-6,2025-04-10,71.28,0,10
item-6,2025-04-11,72.32,1,8
item-6,2025-04-12,60.43,0,10
item-6,2025-04-13,73.18,1,8
item-6,2025-04-14,66.75,0,10
item-6,2025-04-15,70.79,0,10
item-6,2025-04-16,71.31,0,10
item-6,2025-04-17,69.56,0,10
item-6,2025-04-18,65.39,0,10
item-6,2025-04-19,58.16,0,10
item-6,2025-04-20,60.95,0,10
item-6,2025-04-21,66.88,0,10
item-6,2025-04-22,72.96,0,10
item-6,2025-04-23,70.16,0,10
item-6,2025-04-24,68.25,0,10
item-6,2025-04-25,65.94,0,10
item-6,2025-04-26,58.64,0,10
item-6,2025-04-27,61.04,0,10
item-6,2025-04-28,71.92,0,10
item-6,2025-04-29,71.39,0,10
item-6,2025-04-30,79.76,1,8
item-6,2025-05-01,70.81,0,10
item-6,2025-05-02,65.25,0,10
item-6,2025-05-03,59.97,0,10
item-6,2025-05-04,62.99,0,10
item-6,2025-05-05,68.64,0,10
item-6,2025-05-06,81.1,1,8
item-6,2025-05-07,72.48,0,10
item-6,2025-05-08,73.21,0,10
item-6,2025-05-09,74.06,1,8
item-6,2025-05-10,60.25,0,10
item-6,2025-05-11,64.37,0,10
item-6,2025-05-12,70.83,0,10
item-6,2025-05-13,70.43,0,10
item-6,2025-05-14,84.47,1,8
item-6,2025-05-15,82.31,1,8
item-6,2025-05-16,66.14,0,10
item-6,2025-05-17,62.26,0,10
item-6,2025-05-18,72.34,1,8
item-6,2025-05-19,69.94,0,10
item-6,2025-05-20,82.44,1,8
item-6,2025-05-21,81.94,1,8
item-6,2025-05-22,74.43,0,10
item-6,2025-05-23,66.85,0,10
item-6,2025-05-24,59.86,0,10
item-6,2025-05-25,64.55,0,10
item-6,2025-05-26,82.24,1,8
item-6,2025-05-27,68.78,0,10
item-6,2025-05-28,74.48,0,10
item-6,2025-05-29,84.18,1,8
item-6,2025-05-30,76.84,1,8
item-6,2025-05-31,60.96,0,10
item-6,2025-06-01,62.46,0,10
item-6,2025-06-02,68.46,0,10
item-6,2025-06-03,73.6,0,10
item-6,2025-06-04,71.45,0,10
item-6,2025-06-05,70.35,0,10
item-6,2025-06-06,65.67,0,10
item-6,2025-06-07,62.42,0,10
item-6,2025-06-08,59.97,0,10
item-6,2025-06-09,71.46,0,10
item-6,2025-06-10,74.08,0,10
item-6,2025-06-11,71.36,0,10
item-6,2025-06-12,82.69,1,8
item-6,2025-06-13,66.22,0,10
item-6,2025-06-14,72.03,1,8
item-6,2025-06-15,63.12,0,10
item-6,2025-06-16,72.55,0,10
item-6,2025-06-17,72.65,0,10
item-6,2025-06-18,72.08,0,10
item-6,2025-06-19,73.7,0,10
item-6,2025-06-20,75.97,1,8
item-6,2025-06-21,60.77,0,10
item-6,2025-06-22,61.03,0,10
item-6,2025-06-23,71.25,0,10
item-6,2025-06-24,71.85,0,10
item-6,2025-06-25,73.0,0,10
item-6,2025-06-26,72.83,0,10
item-6,2025-06-27,65.95,0,10
item-6,2025-06-28,62.83,0,10
item-6,2025-06-29,64.72,0,10
item-6,2025-06-30,70.42,0,10
item-6,2025-07-01,82.1,1,8
item-6,2025-07-02,72.84,0,10
item-6,2025-07-03,70.4,0,10
item-6,2025-07-04,68.32,0,10
item-6,2025-07-05,62.97,0,10
item-6,2025-07-06,63.27,0,10
item-6,2025-07-07,70.04,0,10
item-6,2025-07-08,74.65,0,10
item-6,2025-07-09,71.3,0,10
item-6,2025-07-10,82.4,1,8
item-6,2025-07-11,66.57,0,10
item-6,2025-07-12,69.13,1,8
item-6,2025-07-13,63.23,0,10
item-6,2025-07-14,69.96,0,10
item-6,2025-07-15,75.78,0,10
item-6,2025-07-16,74.16,0,10
item-6,2025-07-17,82.01,1,8
item-6,2025-07-18,67.78,0,10
item-6,2025-07-19,58.32,0,10
item-6,2025-07-20,65.0,0,10
item-6,2025-07-21,74.36,0,10
item-6,2025-07-22,84.93,1,8
item-6,2025-07-23,87.5,1,8
item-6,2025-07-24,85.4,1,8
item-6,2025-07-25,68.4,0,10
item-6,2025-07-26,61.59,0,10
item-6,2025-07-27,64.1,0,10
item-6,2025-07-28,72.73,0,10
item-6,2025-07-29,75.28,0,10
item-6,2025-07-30,71.96,0,10
item-6,2025-07-31,74.16,0,10
item-6,2025-08-01,69.44,0,10
item-6,2025-08-02,70.17,1,8
item-6,2025-08-03,66.31,0,10
item-7,2025-01-06,71.39,0,10
item-7,2025-01-07,73.26,0,10
item-7,2025-01-08,74.77,0,10
item-7,2025-01-09,74.97,0,10
item-7,2025-01-10,77.1,1,8
item-7,2025-01-11,60.43,0,10
item-7,2025-01-12,61.44,0,10
item-7,2025-01-13,69.05,0,10
item-7,2025-01-14,73.17,0,10
item-7,2025-01-15,82.45,1,8
item-7,2025-01-16,71.16,0,10
item-7,2025-01-17,65.28,0,10
item-7,2025-01-18,71.92,1,8
item-7,2025-01-19,73.39,1,8
item-7,2025-01-20,81.67,1,8
item-7,2025-01-21,71.86,0,10
item-7,2025-01-22,71.69,0,10
item-7,2025-01-23,72.31,0,10
item-7,2025-01-24,66.79,0,10
item-7,2025-01-25,58.65,0,10
item-7,2025-01-26,73.28,1,8
item-7,2025-01-27,71.55,0,10
item-7,2025-01-28,72.95,0,10
item-7,2025-01-29,82.07,1,8
item-7,2025-01-30,73.29,0,10
item-7,2025-01-31,78.38,1,8
item-7,2025-02-01,60.33,0,10
item-7,2025-02-02,63.35,0,10
item-7,2025-02-03,70.32,0,10
item-7,2025-02-04,83.73,1,8
item-7,2025-02-05,82.12,1,8
item-7,2025-02-06,72.17,0,10
item-7,2025-02-07,67.37,0,10
item-7,2025-02-08,62.31,0,10
item-7,2025-02-09,61.85,0,10
item-7,2025-02-10,77.72,1,8
item-7,2025-02-11,84.89,1,8
item-7,2025-02-12,73.22,0,10
item-7,2025-02-13,70.42,0,10
item-7,2025-02-14,68.24,0,10
item-7,2025-02-15,61.57,0,10
item-7,2025-02-16,74.54,1,8
item-7,2025-02-17,70.8,0,10
item-7,2025-02-18,73.24,0,10
item-7,2025-02-19,81.43,1,8
item-7,2025-02-20,73.05,0,10
item-7,2025-02-21,67.49,0,10
item-7,2025-02-22,62.96,0,10
item-7,2025-02-23,63.18,0,10
item-7,2025-02-24,70.4,0,10
item-7,2025-02-25,75.81,0,10
item-7,2025-02-26,71.6,0,10
item-7,2025-02-27,72.01,0,10
item-7,2025-02-28,80.92,1,8
item-7,2025-03-01,61.56,0,10
item-7,2025-03-02,65.1,0,10
item-7,2025-03-03,68.53,0,10
item-7,2025-03-04,72.74,0,10
item-7,2025-03-05,70.94,0,10
item-7,2025-03-06,73.28,0,10
item-7,2025-03-07,69.88,0,10
item-7,2025-03-08,60.71,0,10
item-7,2025-03-09,66.25,0,10
item-7,2025-03-10,71.7,0,10
item-7,2025-03-11,72.49,0,10
item-7,2025-03-12,72.01,0,10
item-7,2025-03-13,73.18,0,10
item-7,2025-03-14,65.92,0,10
item-7,2025-03-15,72.11,1,8
item-7,2025-03-16,64.9,0,10
item-7,2025-03-17,71.33,0,10
item-7,2025-03-18,75.02,0,10
item-7,2025-03-19,73.25,0,10
item-7,2025-03-20,75.1,0,10
item-7,2025-03-21,69.64,0,10
item-7,2025-03-22,63.96,0,10
item-7,2025-03-23,76.98,1,8
item-7,2025-03-24,71.93,0,10
item-7,2025-03-25,74.1,0,10
item-7,2025-03-26,75.59,0,10
item-7,2025-03-27,74.13,0,10
item-7,2025-03-28,78.98,1,8
item-7,2025-03-29,71.82,1,8
item-7,2025-03-30,66.49,0,10
item-7,2025-03-31,74.13,0,10
item-7,2025-04-01,75.64,0,10
item-7,2025-04-02,75.95,0,10
item-7,2025-04-03,73.9,0,10
item-7,2025-04-04,71.09,0,10
item-7,2025-04-05,62.69,0,10
item-7,2025-04-06,67.73,0,10
item-7,2025-04-07,84.61,1,8
item-7,2025-04-08,75.97,0,10
item-7,2025-04-09,75.6,0,10
item-7,2025-04-10,73.49,0,10
item-7,2025-04-11,68.22,0,10
item-7,2025-04-12,62.51,0,10
item-7,2025-04-13,65.96,0,10
item-7,2025-04-14,84.8,1,8
item-7,2025-04-15,75.33,0,10
item-7,2025-04-16,77.36,0,10
item-7,2025-04-17,78.5,0,10
item-7,2025-04-18,71.74,0,10
item-7,2025-04-19,67.02,0,10
item-7,2025-04-20,66.69,0,10
item-7,2025-04-21,72.9,0,10
item-7,2025-04-22,75.81,0,10
item-7,2025-04-23,75.19,0,10
item-7,2025-04-24,77.54,0,10
item-7,2025-04-25,70.98,0,10
item-7,2025-04-26,63.69,0,10
item-7,2025-04-27,66.76,0,10
item-7,2025-04-28,74.76,0,10
item-7,2025-04-29,84.88,1,8
item-7,2025-04-30,72.96,0,10
item-7,2025-05-01,74.88,0,10
item-7,2025-05-02,67.6,0,10
item-7,2025-05-03,63.87,0,10
item-7,2025-05-04,64.86,0,10
item-7,2025-05-05,75.01,0,10
item-7,2025-05-06,74.19,0,10
item-7,2025-05-07,78.6,0,10
item-7,2025-05-08,78.77,0,10
item-7,2025-05-09,73.38,0,10
item-7,2025-05-10,63.36,0,10
item-7,2025-05-11,65.92,0,10
item-7,2025-05-12,73.28,0,10
item-7,2025-05-13,73.48,0,10
item-7,2025-05-14,85.39,1,8
item-7,2025-05-15,76.35,0,10
item-7,2025-05-16,69.35,0,10
item-7,2025-05-17,64.7,0,10
item-7,2025-05-18,67.03,0,10
item-7,2025-05-19,73.8,0,10
item-7,2025-05-20,85.43,1,8
item-7,2025-05-21,85.49,1,8
item-7,2025-05-22,75.35,0,10
item-7,2025-05-23,69.97,0,10
item-7,2025-05-24,64.12,0,10
item-7,2025-05-25,67.9,0,10
item-7,2025-05-26,75.51,0,10
item-7,2025-05-27,75.32,0,10
item-7,2025-05-28,88.33,1,8
item-7,2025-05-29,87.25,1,8
item-7,2025-05-30,74.19,0,10
item-7,2025-05-31,72.52,1,8
item-7,2025-06-01,67.62,0,10
item-7,2025-06-02,74.34,0,10
item-7,2025-06-03,76.11,0,10
item-7,2025-06-04,77.27,0,10
item-7,2025-06-05,76.67,0,10
item-7,2025-06-06,71.18,0,10
item-7,2025-06-07,65.45,0,10
item-7,2025-06-08,66.37,0,10
item-7,2025-06-09,74.73,0,10
item-7,2025-06-10,71.84,0,10
item-7,2025-06-11,77.75,0,10
item-7,2025-06-12,79.37,0,10
item-7,2025-06-13,82.36,1,8
item-7,2025-06-14,64.82,0,10
item-7,2025-06-15,67.89,0,10
item-7,2025-06-16,72.95,0,10
item-7,2025-06-17,88.57,1,8
item-7,2025-06-18,76.46,0,10
item-7,2025-06-19,77.21,0,10
item-7,2025-06-20,80.54,1,8
item-7,2025-06-21,64.61,0,10
item-7,2025-06-22,77.62,1,8
item-7,2025-06-23,75.12,0,10
item-7,2025-06-24,86.86,1,8
item-7,2025-06-25,85.95,1,8
item-7,2025-06-26,79.34,0,10
item-7,2025-06-27,71.38,0,10
item-7,2025-06-28,76.0,1,8
item-7,2025-06-29,70.81,0,10
item-7,2025-06-30,74.64,0,10
item-7,2025-07-01,76.91,0,10
item-7,2025-07-02,75.31,0,10
item-7,2025-07-03,86.38,1,8
item-7,2025-07-04,80.78,1,8
item-7,2025-07-05,65.43,0,10
item-7,2025-07-06,75.94,1,8
item-7,2025-07-07,73.56,0,10
item-7,2025-07-08,89.66,1,8
item-7,2025-07-09,87.31,1,8
item-7,2025-07-10,81.15,0,10
item-7,2025-07-11,74.11,0,10
item-7,2025-07-12,65.68,0,10
item-7,2025-07-13,75.33,1,8
item-7,2025-07-14,75.16,0,10
item-7,2025-07-15,78.0,0,10
item-7,2025-07-16,80.29,0,10
item-7,2025-07-17,75.6,0,10
item-7,2025-07-18,70.94,0,10
item-7,2025-07-19,66.38,0,10
item-7,2025-07-20,68.49,0,10
item-7,2025-07-21,85.46,1,8
item-7,2025-07-22,75.42,0,10
item-7,2025-07-23,86.65,1,8
item-7,2025-07-24,74.23,0,10
item-7,2025-07-25,73.76,0,10
item-7,2025-07-26,68.61,0,10
item-7,2025-07-27,70.96,0,10
item-7,2025-07-28,75.36,0,10
item-7,2025-07-29,88.57,1,8
item-7,2025-07-30,78.45,0,10
item-7,2025-07-31,77.47,0,10
item-7,2025-08-01,72.94,0,10
item-7,2025-08-02,65.2,0,10
item-7,2025-08-03,68.8,0,10
