timestamp,observed,trend,seasonal,remainder
1950-01-01 00:00:00+00:00,23.11,21.464129280096657,1.6354011044720416,0.010469615431301094
1950-02-01 00:00:00+00:00,24.2,21.551008270810055,2.5694208470200484,0.0795708821698966
1950-03-01 00:00:00+00:00,25.37,21.63911855738907,3.4049524597450205,0.3259289828659071
1950-04-01 00:00:00+00:00,23.86,21.728579770069135,2.1635262352340208,-0.03210600530315588
1950-05-01 00:00:00+00:00,23.03,21.819361485151948,1.4517519311670253,-0.24111341631897076
1950-06-01 00:00:00+00:00,21.57,21.911420517630905,-0.34443600308903854,0.0030154854581354584
1950-07-01 00:00:00+00:00,20.63,22.00481887178201,-1.4757735221903263,0.10095465040831542
1950-08-01 00:00:00+00:00,20.15,22.0996748031548,-1.8865675003405344,-0.06310730281427013
1950-09-01 00:00:00+00:00,19.67,22.196149625451085,-2.3435071228109385,-0.18264250264014592
1950-10-01 00:00:00+00:00,20.03,22.294679340972213,-2.042794411154418,-0.22188492981779362
1950-11-01 00:00:00+00:00,20.02,22.396822290154162,-2.265783146716362,-0.11103914343780019
1950-12-01 00:00:00+00:00,21.8,22.507693460024928,-0.6496330167947858,-0.058060443230139924
1951-01-01 00:00:00+00:00,24.19,22.644212107837784,1.4674262190602723,0.07836167310194497
1951-02-01 00:00:00+00:00,25.28,22.784877635245316,2.730733763880006,-0.2356113991253217
1951-03-01 00:00:00+00:00,25.6,22.91346733116892,3.415476088514849,-0.7289434196837696
1951-04-01 00:00:00+00:00,25.37,23.0172061969291,2.0994492763630075,0.2533445267078953
1951-05-01 00:00:00+00:00,24.79,23.09803967270022,1.1766387707449404,0.5153215565548379
1951-06-01 00:00:00+00:00,24.69,23.16220937872588,-0.34221303036342077,1.8700036516375427
1951-07-01 00:00:00+00:00,23.86,23.21381987475261,-1.4915416527726444,2.1377217780200333
1951-08-01 00:00:00+00:00,22.32,23.256519491641974,-1.922982726223766,0.986463234581791
1951-09-01 00:00:00+00:00,21.44,23.29369914890432,-2.316543248193871,0.4628440992895513
1951-10-01 00:00:00+00:00,21.77,23.325421404832483,-2.084148782479833,0.5287273776473498
1951-11-01 00:00:00+00:00,22.33,23.3434791166099,-2.0047516254075664,0.9912725087976639
1951-12-01 00:00:00+00:00,22.89,23.330103644924744,-0.5318732571730498,0.09176961224830649
1952-01-01 00:00:00+00:00,24.52,23.26930898988065,1.3123917569510393,-0.06170074683168991
1952-02-01 00:00:00+00:00,26.21,23.166958898423452,2.872686036925331,0.1703550646512184
1952-03-01 00:00:00+00:00,26.37,23.05006337206745,3.4151675963563717,-0.09523096842382017
1952-04-01 00:00:00+00:00,24.73,22.94739876417874,2.08205053735113,-0.2994493015298687
1952-05-01 00:00:00+00:00,23.71,22.869943738402565,0.9038960348503623,-0.06383977325292634
1952-06-01 00:00:00+00:00,22.34,22.81538404038594,-0.3561168547341325,-0.1192671856518075
1952-07-01 00:00:00+00:00,20.89,22.779296503602215,-1.5069207342311224,-0.38237576937109097
1952-08-01 00:00:00+00:00,20.02,22.761634443926436,-1.954074243282093,-0.787560200644343
1952-09-01 00:00:00+00:00,19.63,22.76727418531979,-2.293422420255811,-0.8438517650639774
1952-10-01 00:00:00+00:00,20.4,22.800540037447483,-2.1272539810630566,-0.2732860563844284
1952-11-01 00:00:00+00:00,20.77,22.858886777060246,-1.7507427806687355,-0.33814399639151205
1952-12-01 00:00:00+00:00,22.39,22.92948452256384,-0.42422502347249713,-0.1152594990913407
1953-01-01 00:00:00+00:00,24.15,22.998202587966254,1.18368945809788,-0.03189204606413654
1953-02-01 00:00:00+00:00,26.34,23.059395333768755,3.0230247192065276,0.2575799470247162
1953-03-01 00:00:00+00:00,27.36,23.112252862153735,3.445177455633445,0.8025696822128197
1953-04-01 00:00:00+00:00,27.03,23.153843036890486,2.0921895354838544,1.7839674276256616
1953-05-01 00:00:00+00:00,25.47,23.175454930247565,0.6057451967255907,1.688799873026845
1953-06-01 00:00:00+00:00,23.49,23.1741178872368,-0.37585789101425116,0.6917400037774506
1953-07-01 00:00:00+00:00,22.2,23.155930246012634,-1.5423349736401415,0.5864047276275066
1953-08-01 00:00:00+00:00,21.45,23.121045800096525,-2.0335152789609596,0.36246947886443337
1953-09-01 00:00:00+00:00,21.25,23.060563570020335,-2.3162816261585433,0.5057180561382069
1953-10-01 00:00:00+00:00,20.95,22.958032151098184,-2.2270195011469776,0.218987350048792
1953-11-01 00:00:00+00:00,21.6,22.801143966081884,-1.5501110494697463,0.348967083387862
1953-12-01 00:00:00+00:00,22.44,22.60660890513217,-0.35743397581076436,0.19082507067859567
1954-01-01 00:00:00+00:00,23.02,22.411790922476165,1.2573790594417864,-0.6491699819179502
1954-02-01 00:00:00+00:00,25.0,22.239143952478184,3.044466752988794,-0.28361070546697675
1954-03-01 00:00:00+00:00,25.33,22.090051839074416,3.5507039964166935,-0.3107558354911113
1954-04-01 00:00:00+00:00,22.97,21.95960111860996,2.1983851246373782,-1.187986243247341
1954-05-01 00:00:00+00:00,21.73,21.847198845945787,0.41446252335978845,-0.5316613693055743
1954-06-01 00:00:00+00:00,20.77,21.752520368296437,-0.4069480987446453,-0.5755722695517917
1954-07-01 00:00:00+00:00,19.52,21.676670788764657,-1.3699657816238953,-0.7867050071407604
1954-08-01 00:00:00+00:00,19.33,21.621472925063575,-2.037844574343661,-0.2536283507199144
1954-09-01 00:00:00+00:00,18.95,21.589411505972354,-2.3907314893086147,-0.24868001666374084
1954-10-01 00:00:00+00:00,19.11,21.580779202304445,-2.411965652182782,-0.05881355012166267
1954-11-01 00:00:00+00:00,20.27,21.590914092123217,-1.6085224100004654,0.28760831787724683
1954-12-01 00:00:00+00:00,21.3,21.612728771246356,-0.4369350177292026,0.12420624648284573
1955-01-01 00:00:00+00:00,23.75,21.64149289626633,1.3396946424391538,0.768812461294516
1955-02-01 00:00:00+00:00,24.82,21.670689552522695,2.962918704070023,0.18639174340728104
1955-03-01 00:00:00+00:00,25.14,21.69578128712941,3.6233312976102714,-0.1791125847396806
1955-04-01 00:00:00+00:00,24.22,21.715425263277265,2.3637461486333073,0.1408285880894269
1955-05-01 00:00:00+00:00,22.16,21.72981219667777,0.45817510384826593,-0.027987300526035597
1955-06-01 00:00:00+00:00,21.2,21.740695529803467,-0.4421420173017211,-0.09855351250174849
1955-07-01 00:00:00+00:00,20.46,21.750211150966425,-1.2097377131788014,-0.08047343778762439
1955-08-01 00:00:00+00:00,19.63,21.762571702394123,-2.0217306884708335,-0.1108410139232916
1955-09-01 00:00:00+00:00,19.24,21.782962113201076,-2.5128848665794687,-0.030077246621608822
1955-10-01 00:00:00+00:00,19.16,21.814742940838894,-2.580047926616981,-0.07469501422191271
1955-11-01 00:00:00+00:00,19.84,21.857948708609037,-1.7858564087566609,-0.23209229985237556
1955-12-01 00:00:00+00:00,21.19,21.909994585686192,-0.5866691957787313,-0.13332538990745846
1956-01-01 00:00:00+00:00,23.24,21.9673298477665,1.3261834369248928,-0.0535132846913946
1956-02-01 00:00:00+00:00,24.71,22.027759082512805,2.8715227333305213,-0.18928181584332648
1956-03-01 00:00:00+00:00,25.9,22.090620640548668,3.690698952214582,0.11868040723674866
1956-04-01 00:00:00+00:00,24.66,22.156258469544085,2.6765675998689535,-0.1728260694130377
1956-05-01 00:00:00+00:00,23.14,22.229233703597448,0.751746941430416,0.1590193549721377
1956-06-01 00:00:00+00:00,22.04,22.317648838546813,-0.3945415749790747,0.11689273643226272
1956-07-01 00:00:00+00:00,21.47,22.426006998787383,-1.0293176405262698,0.07331064173888535
1956-08-01 00:00:00+00:00,20.55,22.55061910212882,-2.0763866119164893,0.07576750978767066
1956-09-01 00:00:00+00:00,19.89,22.687154563279712,-2.5887485041285796,-0.2084060591511303
1956-10-01 00:00:00+00:00,19.69,22.836424213126158,-2.6127731739814104,-0.5336510391447469
1956-11-01 00:00:00+00:00,20.57,22.99818641798217,-1.9311986905600769,-0.4969877274220913
1956-12-01 00:00:00+00:00,21.58,23.162282039278523,-0.6597209105805796,-0.9225611286979465
1957-01-01 00:00:00+00:00,23.13,23.313637344733145,1.152560984980779,-1.3361983297139233
1957-02-01 00:00:00+00:00,26.3,23.44745053322123,2.7821520974747527,0.0703973693040183
1957-03-01 00:00:00+00:00,27.63,23.569939941075514,3.7184486838007746,0.3416113751237084
1957-04-01 00:00:00+00:00,27.15,23.68887294859921,2.7593353871104305,0.7017916642903579
1957-05-01 00:00:00+00:00,26.72,23.80944777200493,0.9469405852132953,1.9636116427817747
1957-06-01 00:00:00+00:00,25.04,23.929510633154145,-0.34819413081579564,1.4586834976616494
1957-07-01 00:00:00+00:00,23.83,24.03677122817078,-1.002996167864181,0.7962249396933991
1957-08-01 00:00:00+00:00,22.34,24.113644650814795,-2.2239545480964265,0.45030989728163107
1957-09-01 00:00:00+00:00,21.8,24.151176776982858,-2.6160435552983707,0.26486677831551475
1957-10-01 00:00:00+00:00,21.8,24.152912783429347,-2.4980416636888507,0.14512888025950588
1957-11-01 00:00:00+00:00,22.39,24.12740124356119,-1.8555821584860415,0.11818091492484939
1957-12-01 00:00:00+00:00,23.69,24.074108339377887,-0.6613556872765611,0.2772473478986761
1958-01-01 00:00:00+00:00,24.89,23.990714273736547,1.0087928675432427,-0.10950714127978856
1958-02-01 00:00:00+00:00,26.55,23.893066943555038,2.75510452719057,-0.0981714707456085
1958-03-01 00:00:00+00:00,27.09,23.79435952024792,3.6799197349919615,-0.38427925523988193
1958-04-01 00:00:00+00:00,26.37,23.697861249122276,2.748468374472589,-0.07632962359486584
1958-05-01 00:00:00+00:00,24.71,23.60528740726,1.0548983937125387,0.049814199027462536
1958-06-01 00:00:00+00:00,23.23,23.52002382142274,-0.38651131190627924,0.09648749048353977
1958-07-01 00:00:00+00:00,22.31,23.44492100981073,-1.1482100414317415,0.013289031621010139
1958-08-01 00:00:00+00:00,20.72,23.38120706473747,-2.423436810563688,-0.2377702541737854
1958-09-01 00:00:00+00:00,20.62,23.328226240784275,-2.584393390249922,-0.12383285053435245
1958-10-01 00:00:00+00:00,21.05,23.283690739235112,-2.317982574774534,0.0842918355394211
1958-11-01 00:00:00+00:00,21.52,23.24359146279433,-1.6277033434628823,-0.09588811933144825
1958-12-01 00:00:00+00:00,22.5,23.204196499761665,-0.480514513875766,-0.22368198588590005
1959-01-01 00:00:00+00:00,23.97,23.165632078939442,1.1068890642618476,-0.30252114320128953
1959-02-01 00:00:00+00:00,25.9,23.13057729136392,2.824700229249011,-0.05527752061293256
1959-03-01 00:00:00+00:00,26.94,23.101688405200974,3.5288557050859937,0.30945588971303195
1959-04-01 00:00:00+00:00,25.84,23.079368779887744,2.5686229400564,0.19200828005585535
1959-05-01 00:00:00+00:00,24.23,23.060517629377845,1.0621264842285485,0.10735588639360572
1959-06-01 00:00:00+00:00,22.57,23.040755439365107,-0.4646940856879699,-0.0060613536771363385
1959-07-01 00:00:00+00:00,21.5,23.01618700943094,-1.4687505487283867,-0.04743646070255281
1959-08-01 00:00:00+00:00,20.15,22.98515984058713,-2.5881594818303473,-0.24700035875678594
1959-09-01 00:00:00+00:00,20.23,22.94652079763265,-2.5323047331936404,-0.18421606443900984
1959-10-01 00:00:00+00:00,20.86,22.900678193268895,-2.2439916370557254,0.20331344378682914
1959-11-01 00:00:00+00:00,21.88,22.85190108453921,-1.4988706709656348,0.5269695864264214
1959-12-01 00:00:00+00:00,22.55,22.80646312043942,-0.3016806521403971,0.04521753170097753
1960-01-01 00:00:00+00:00,24.4,22.767668903905882,1.4274636201683153,0.204867475925802
1960-02-01 00:00:00+00:00,25.59,22.735430045566417,2.983672416253807,-0.12910246182022433
1960-03-01 00:00:00+00:00,26.01,22.70901893718579,3.3809320627618815,-0.07995099994766974
1960-04-01 00:00:00+00:00,24.66,22.68774688463967,2.356001397631342,-0.38374828227101077
1960-05-01 00:00:00+00:00,23.53,22.671021209055542,0.9964169569234813,-0.1374381659790238
1960-06-01 00:00:00+00:00,21.83,22.65977333075432,-0.46973985727484385,-0.3600334734794757
1960-07-01 00:00:00+00:00,20.73,22.656098095730403,-1.7239957476378538,-0.20210234809254857
1960-08-01 00:00:00+00:00,20.1,22.661044792916837,-2.5730562452807395,0.012011452363903885
1960-09-01 00:00:00+00:00,20.56,22.673362845874856,-2.497021690821438,0.38365884494658076
1960-10-01 00:00:00+00:00,20.27,22.687915033458193,-2.2432998488340408,-0.1746151846241517
1960-11-01 00:00:00+00:00,20.93,22.699296113076464,-1.3972361920478122,-0.3720599210286508
1960-12-01 00:00:00+00:00,22.74,22.703895558493596,-0.22832458234178765,0.2644290238481908
1961-01-01 00:00:00+00:00,24.58,22.700224503295466,1.626170896634772,0.25360460006976027
1961-02-01 00:00:00+00:00,26.66,22.68912010808911,3.0337407472762807,0.9371391446346102
1961-03-01 00:00:00+00:00,25.95,22.671737431819246,3.2116580209148884,0.06660454726586451
1961-04-01 00:00:00+00:00,25.17,22.64951133247905,2.110878997977372,0.4096096695435776
1961-05-01 00:00:00+00:00,23.6,22.622726062712715,0.9342344181407881,0.04303951914649673
1961-06-01 00:00:00+00:00,22.36,22.589833330376813,-0.4672199866343176,0.237386656257506
1961-07-01 00:00:00+00:00,20.52,22.548682369668356,-1.7581591605872255,-0.27052320908113003
1961-08-01 00:00:00+00:00,19.97,22.498315742173244,-2.36353608905746,-0.16477965311578302
1961-09-01 00:00:00+00:00,19.7,22.44127288273401,-2.3681722490233756,-0.37310063371063507
1961-10-01 00:00:00+00:00,20.07,22.385538357009864,-2.2255279805105466,-0.09001037649931831
1961-11-01 00:00:00+00:00,21.09,22.338943082299668,-1.3874441312797678,0.13850104898009974
1961-12-01 00:00:00+00:00,22.11,22.303859104269353,-0.24995902627403702,0.05609992200468383
1962-01-01 00:00:00+00:00,24.02,22.27924877272881,1.6258610249732042,0.11489020229798541
1962-02-01 00:00:00+00:00,25.35,22.26351750661965,3.005736201586828,0.080746291793524
1962-03-01 00:00:00+00:00,24.47,22.25455393687985,3.114619443653074,-0.8991733805329254
1962-04-01 00:00:00+00:00,23.43,22.24950985905695,2.0307997313366166,-0.850309590393568
1962-05-01 00:00:00+00:00,23.03,22.247256733364136,0.8343218113650448,-0.05157854472917833
1962-06-01 00:00:00+00:00,21.81,22.248518566235308,-0.44951740277002705,0.010998836534717782
1962-07-01 00:00:00+00:00,20.6,22.25554128521759,-1.6722115567508529,0.016670271533264724
1962-08-01 00:00:00+00:00,20.17,22.272203893919635,-2.2044864514320452,0.10228255751241377
1962-09-01 00:00:00+00:00,20.02,22.303179247055795,-2.290654051232684,0.007474804176887062
1962-10-01 00:00:00+00:00,20.14,22.35135898912187,-2.1386344620842985,-0.07272452703757182
1962-11-01 00:00:00+00:00,20.99,22.415783403983895,-1.3239783002977554,-0.10180510368613938
1962-12-01 00:00:00+00:00,21.82,22.491479555413306,-0.31213408570139234,-0.35934546971191494
1963-01-01 00:00:00+00:00,23.81,22.570415522616972,1.5779271413101204,-0.33834266392709367
1963-02-01 00:00:00+00:00,25.36,22.644636332363223,2.9271822376459897,-0.2118185700092141
1963-03-01 00:00:00+00:00,26.02,22.710441054207628,3.1005739895320934,0.20898495626027724
1963-04-01 00:00:00+00:00,24.67,22.765980826811113,2.031426761118817,-0.1274075879299268
1963-05-01 00:00:00+00:00,23.97,22.808976160163148,0.5623422031195879,0.5986816367172629
1963-06-01 00:00:00+00:00,22.41,22.838740747751423,-0.5144769095764076,0.08573616182498611
1963-07-01 00:00:00+00:00,21.8,22.8563397613621,-1.590897109389125,0.5345573480270254
1963-08-01 00:00:00+00:00,21.31,22.859964320307906,-2.192071140001089,0.6421068196931827
1963-09-01 00:00:00+00:00,21.0,22.84582823172413,-2.2136253830605126,0.3677971513363829
1963-10-01 00:00:00+00:00,21.13,22.811265561913608,-2.053530131291938,0.37226456937833063
1963-11-01 00:00:00+00:00,21.64,22.755691023444754,-1.2608093067009467,0.14511828325619192
1963-12-01 00:00:00+00:00,22.55,22.680743266156608,-0.3384520364205791,0.20770877026397372
1964-01-01 00:00:00+00:00,24.15,22.590113764791937,1.5916749509582575,-0.031788715750195706
1964-02-01 00:00:00+00:00,25.08,22.490567436542218,2.938898204149001,-0.3494656406912213
1964-03-01 00:00:00+00:00,25.3,22.390610224949416,3.1795645932104715,-0.2701748181598873
1964-04-01 00:00:00+00:00,24.61,22.30179404065398,2.01415277237369,0.2940531869723273
1964-05-01 00:00:00+00:00,21.93,22.232608592379247,0.41639648982700533,-0.7190050822062517
1964-06-01 00:00:00+00:00,21.44,22.18670235205262,-0.6306255829153504,-0.11607676913726905
1964-07-01 00:00:00+00:00,20.25,22.162582197219955,-1.6092263450709097,-0.30335585214904626
1964-08-01 00:00:00+00:00,19.48,22.16030358706689,-2.2416490659022856,-0.4386545211646009
1964-09-01 00:00:00+00:00,19.67,22.18246166899044,-2.1612478471001593,-0.35121382189027983
1964-10-01 00:00:00+00:00,19.79,22.232807706681385,-1.9589481663900123,-0.48385954029137324
1964-11-01 00:00:00+00:00,20.88,22.31673535221489,-1.2251413247327698,-0.2115940274821213
1964-12-01 00:00:00+00:00,21.83,22.436310574649507,-0.23190569757939128,-0.37440487707011627
1965-01-01 00:00:00+00:00,24.22,22.56625954154584,1.6676607496371187,-0.013920291182959232
1965-02-01 00:00:00+00:00,26.17,22.67807288305697,2.998948520917688,0.49297859602534544
1965-03-01 00:00:00+00:00,26.71,22.778375290129507,3.1441100730308094,0.7875146368396848
1965-04-01 00:00:00+00:00,27.01,22.87681051362861,2.037389307307858,2.0958001790635343
1965-05-01 00:00:00+00:00,26.09,22.97146640028507,0.22419266738142996,2.894340932333499
1965-06-01 00:00:00+00:00,24.6,23.05929152664246,-0.6094718780247333,2.150180351382275
1965-07-01 00:00:00+00:00,23.26,23.13755912226222,-1.5706388662515731,1.6930797439893546
1965-08-01 00:00:00+00:00,22.54,23.208672968573904,-2.3075361221731527,1.6388631535992495
1965-09-01 00:00:00+00:00,21.26,23.277281091683705,-2.2669845212904223,0.24970342960671843
1965-10-01 00:00:00+00:00,21.57,23.33398331622035,-1.969924013765886,0.205940697545536
1965-11-01 00:00:00+00:00,22.29,23.335688699907656,-1.2676573114126535,0.22196861150499458
1965-12-01 00:00:00+00:00,23.35,23.254340845678204,-0.1869850284252323,0.2826441827470312
1966-01-01 00:00:00+00:00,25.15,23.133056280054017,1.6406129036227286,0.3763308163232537
1966-02-01 00:00:00+00:00,25.88,23.0140810104508,3.1115209516342133,-0.2456019620850114
1966-03-01 00:00:00+00:00,25.35,22.90713870387108,3.1742751583031494,-0.7314138621742288
1966-04-01 00:00:00+00:00,24.26,22.809377105673693,2.065830247319796,-0.6152073529934867
1966-05-01 00:00:00+00:00,22.92,22.718763656982805,0.16134904052246354,0.03988730249473349
1966-06-01 00:00:00+00:00,21.8,22.635052320553612,-0.555255801320813,-0.2797965192328
1966-07-01 00:00:00+00:00,20.85,22.559634759614372,-1.466871954554268,-0.24276280506010295
1966-08-01 00:00:00+00:00,20.17,22.497469596272232,-2.275149807542091,-0.05231978873013787
1966-09-01 00:00:00+00:00,20.04,22.455560664603652,-2.3796899341619473,-0.035870730441704524
1966-10-01 00:00:00+00:00,20.51,22.43483783599623,-1.9784460936326964,0.05360825763646915
1966-11-01 00:00:00+00:00,21.03,22.42576695228229,-1.3386242038010796,-0.057142748481211925
1966-12-01 00:00:00+00:00,22.25,22.41368913632953,-0.16382906209674952,0.0001399257672183296
1967-01-01 00:00:00+00:00,23.66,22.388436231440394,1.552399181303325,-0.2808354127437198
1967-02-01 00:00:00+00:00,25.54,22.348006148656676,3.015345161828383,0.17664868951494128
1967-03-01 00:00:00+00:00,25.55,22.29602061872922,3.1484030952764788,0.10557628599430302
1967-04-01 00:00:00+00:00,24.98,22.238436834763032,2.003200989411698,0.7383621758252694
1967-05-01 00:00:00+00:00,23.77,22.181639025908787,0.21312656698083665,1.3752344071103764
1967-06-01 00:00:00+00:00,22.04,22.12981723443527,-0.5168982673881185,0.4270810329528487
1967-07-01 00:00:00+00:00,21.1,22.084265876917023,-1.2920719775023681,0.30780610058534563
1967-08-01 00:00:00+00:00,19.84,22.044929943791242,-2.1327512920775327,-0.07217865171370974
1967-09-01 00:00:00+00:00,19.08,22.010192918394644,-2.432142635116768,-0.4980502832778768
1967-10-01 00:00:00+00:00,19.47,21.978613518499277,-1.9483234135983565,-0.5602901049009219
1967-11-01 00:00:00+00:00,20.2,21.953581015913432,-1.3735297113739322,-0.3800513045394993
1967-12-01 00:00:00+00:00,21.28,21.94404883058997,-0.10742462209076808,-0.5566242084992012
1968-01-01 00:00:00+00:00,23.19,21.96249486568265,1.4636603858961497,-0.23615525157880057
1968-02-01 00:00:00+00:00,24.88,22.012399570364206,2.8370958956469545,0.030504533988839455
1968-03-01 00:00:00+00:00,25.11,22.08785849026581,3.2030905108659935,-0.180949001131804
1968-04-01 00:00:00+00:00,23.97,22.180657421299994,2.1566765754083406,-0.3673339967083358
1968-05-01 00:00:00+00:00,22.44,22.287555172489636,0.21980421372055545,-0.06735938621018889
1968-06-01 00:00:00+00:00,21.7,22.406071830154065,-0.64426888593081,-0.06180294422325616
1968-07-01 00:00:00+00:00,21.25,22.532041573007913,-1.1116572760316832,-0.1703842969762306
1968-08-01 00:00:00+00:00,20.97,22.66189784570542,-2.1986063821529003,0.5067085364474799
1968-09-01 00:00:00+00:00,21.23,22.79363749619234,-2.520357627699643,0.9567201315073035
1968-10-01 00:00:00+00:00,21.12,22.920575514967464,-1.9214531576701461,0.12087764270268408
1968-11-01 00:00:00+00:00,21.68,23.030886039657425,-1.3383781743129302,-0.012507865344495883
1968-12-01 00:00:00+00:00,23.2,23.118804322433988,-0.061955668963819106,0.1431513465298302
1969-01-01 00:00:00+00:00,24.67,23.191241005278386,1.4996246636532247,-0.02086566893160935
1969-02-01 00:00:00+00:00,25.56,23.25567667326251,2.7299356263657506,-0.42561229962826275
1969-03-01 00:00:00+00:00,27.09,23.31305605338032,3.1740960721302374,0.602847874489445
1969-04-01 00:00:00+00:00,26.66,23.361293565540997,2.2348334266194123,1.0638730078395895
1969-05-01 00:00:00+00:00,26.07,23.396241144416226,0.3424135559770036,2.3313452996067703
1969-06-01 00:00:00+00:00,24.39,23.415253715814345,-0.7735271118164034,1.7482733960020589
1969-07-01 00:00:00+00:00,22.47,23.41992147203868,-1.124673702948089,0.17475223090940872
1969-08-01 00:00:00+00:00,21.06,23.41274539049064,-2.3320051695402304,-0.020740220950411725
1969-09-01 00:00:00+00:00,20.88,23.392745424201227,-2.5134888054960376,0.0007433812948107743
1969-10-01 00:00:00+00:00,21.74,23.35189972622793,-1.905868936332804,0.29396921010487276
1969-11-01 00:00:00+00:00,22.47,23.275917017931434,-1.334727828931349,0.5288108109999143
1969-12-01 00:00:00+00:00,23.6,23.162202230445146,-0.0795721764751166,0.517369946029973
1970-01-01 00:00:00+00:00,25.02,23.031301749794505,1.5273796876977903,0.461318562507703
1970-02-01 00:00:00+00:00,25.76,22.90486033718021,2.7258226288340817,0.1293170339857106
1970-03-01 00:00:00+00:00,25.53,22.788421057108437,3.219133801463342,-0.4775548585717786
1970-04-01 00:00:00+00:00,24.76,22.67705593644507,2.3926399054789544,-0.30969584192402166
1970-05-01 00:00:00+00:00,22.94,22.564543175562545,0.6640626550298108,-0.2886058305923527
1970-06-01 00:00:00+00:00,21.27,22.45031620883617,-0.8580909504475247,-0.32222525838864513
1970-07-01 00:00:00+00:00,19.69,22.34140182218203,-1.1694152723102058,-1.48198654987182
1970-08-01 00:00:00+00:00,19.27,22.247577640234862,-2.5037938727711615,-0.47378376746370066
1970-09-01 00:00:00+00:00,19.5,22.175888892888747,-2.6083700780113754,-0.06751881487737066
1970-10-01 00:00:00+00:00,20.16,22.12833693800872,-2.110519484251498,0.14218254624277904
1970-11-01 00:00:00+00:00,20.61,22.104443616758164,-1.4414360747936794,-0.05300754196448665
1970-12-01 00:00:00+00:00,21.77,22.1009458366563,-0.31921039026651155,-0.011735446389788962
1971-01-01 00:00:00+00:00,23.33,22.112075570236236,1.5119162071335706,-0.29399177736980775
1971-02-01 00:00:00+00:00,24.58,22.132492955328907,2.9778739474982516,-0.5303669028271614
1971-03-01 00:00:00+00:00,25.24,22.160564189866392,3.2986829525287966,-0.21924714239519005
1971-04-01 00:00:00+00:00,24.95,22.197893472944955,2.5287293940097304,0.22337713304531448
1971-05-01 00:00:00+00:00,23.29,22.24834040772542,1.013564466276386,0.028095125998195414
1971-06-01 00:00:00+00:00,21.6,22.315062067292825,-0.7788122741133416,0.06375020682051868
1971-07-01 00:00:00+00:00,21.01,22.399993626875975,-1.2379789636192302,-0.15201466325674318
1971-08-01 00:00:00+00:00,19.97,22.503585717814882,-2.6056542822818236,0.07206856446693877
1971-09-01 00:00:00+00:00,19.74,22.621985561026158,-2.692942286461053,-0.18904327456510472
1971-10-01 00:00:00+00:00,19.88,22.750583582163614,-2.2894968981918185,-0.5810866839717974
1971-11-01 00:00:00+00:00,20.94,22.886389708967965,-1.5683167139113106,-0.3780729950566517
1971-12-01 00:00:00+00:00,21.99,23.029613336195116,-0.5192065642753796,-0.5204067719197383
1972-01-01 00:00:00+00:00,24.51,23.185847026621424,1.3302261208358426,-0.006073147457264838
1972-02-01 00:00:00+00:00,26.66,23.363988229097995,3.1249765187129857,0.17103525218901794
1972-03-01 00:00:00+00:00,27.09,23.57086007261009,3.424173783431032,0.09496614395887804
1972-04-01 00:00:00+00:00,26.25,23.791655864720934,2.5910622504294034,-0.13271811515033605
1972-05-01 00:00:00+00:00,25.47,23.875501473223956,1.2978043706345825,0.29669415614145933
1972-06-01 00:00:00+00:00,25.01,23.686343315848028,-0.5709928648946748,1.8946495490466475
1972-07-01 00:00:00+00:00,24.11,23.469347790688847,-1.3085150514887742,1.9491672607999284
1972-08-01 00:00:00+00:00,23.42,23.33269622495449,-2.520998955386417,2.60830273043193
1972-09-01 00:00:00+00:00,22.12,23.23998188027884,-2.690420463907826,1.570438583628988
1972-10-01 00:00:00+00:00,22.58,23.16210551692689,-2.4713690132997383,1.8892634963728483
1972-11-01 00:00:00+00:00,23.32,23.0875512341949,-1.6728581679675287,1.9053069337726285
1972-12-01 00:00:00+00:00,24.89,23.014475450128266,-0.7042282975393778,2.579752847411111
1973-01-01 00:00:00+00:00,26.03,22.928236908865756,1.1825122117355784,1.9192508793986676
1973-02-01 00:00:00+00:00,26.48,22.777905802371833,3.046877500116354,0.6552166975118112
1973-03-01 00:00:00+00:00,26.27,22.587417575228493,3.5165933081729155,0.16598911659859183
1973-04-01 00:00:00+00:00,24.87,22.468745261364035,2.676168369613268,-0.27491363097730215
1973-05-01 00:00:00+00:00,23.44,22.401217705185584,1.4811285365783602,-0.44234624176394277
1973-06-01 00:00:00+00:00,21.76,22.354791543998296,-0.4111572657424565,-0.18363427825583756
1973-07-01 00:00:00+00:00,20.84,22.3196910579762,-1.248839556043217,-0.23085150193298176
1973-08-01 00:00:00+00:00,19.47,22.29516656186911,-2.391495058889418,-0.43367150297969204
1973-09-01 00:00:00+00:00,19.49,22.283685207667546,-2.6911046756260877,-0.10258053204145767
1973-10-01 00:00:00+00:00,19.8,22.287073673074136,-2.598889152809679,0.11181547973554373
1973-11-01 00:00:00+00:00,20.71,22.3061079748506,-1.7146203541385625,0.11851237928796365
1973-12-01 00:00:00+00:00,21.74,22.340098241361293,-0.8378650134737876,0.23776677211249364
1974-01-01 00:00:00+00:00,23.29,22.38474513091124,1.0804930801183625,-0.17523821102960468
1974-02-01 00:00:00+00:00,24.87,22.430440867122716,2.8904742548925664,-0.4509151220152816
1974-03-01 00:00:00+00:00,25.69,22.46848999751687,3.494984955222739,-0.2734749527396083
1974-04-01 00:00:00+00:00,25.28,22.496199535475636,2.7806179274707263,0.003182537053639578
1974-05-01 00:00:00+00:00,24.35,22.514724699316993,1.5479195931616945,0.28735570752131423
1974-06-01 00:00:00+00:00,22.48,22.5276053711774,-0.32216140478615063,0.27455603360875
1974-07-01 00:00:00+00:00,21.58,22.53833944477964,-1.18348898742503,0.22514954264538645
1974-08-01 00:00:00+00:00,20.73,22.54766036745252,-2.2832840651541906,0.4656236977016732
1974-09-01 00:00:00+00:00,20.15,22.553571911288525,-2.7129292733806962,0.30935736209216813
1974-10-01 00:00:00+00:00,19.88,22.552417954283747,-2.5881851984042217,-0.08423275587952617
1974-11-01 00:00:00+00:00,20.68,22.54004734849171,-1.6283207174913674,-0.2317266310003454
1974-12-01 00:00:00+00:00,21.41,22.51302574906487,-0.860938585156702,-0.24208716390816676
1975-01-01 00:00:00+00:00,23.55,22.471656544616387,1.0270524693582244,0.051290986025389174
1975-02-01 00:00:00+00:00,24.95,22.419958884445574,2.6403911291153186,-0.11035001356089325
1975-03-01 00:00:00+00:00,26.06,22.363746407671197,3.3256242295416296,0.37062936278717373
1975-04-01 00:00:00+00:00,25.53,22.311843891465188,2.7983685087299204,0.41978759980489144
1975-05-01 00:00:00+00:00,23.71,22.275120410372335,1.5540699000001186,-0.11919031037245276
1975-06-01 00:00:00+00:00,21.84,22.260615642713983,-0.29272914831829633,-0.12788649439568545
1975-07-01 00:00:00+00:00,21.05,22.26884513314742,-1.1642364394140268,-0.0546086937333925
1975-08-01 00:00:00+00:00,19.97,22.29354238331341,-2.1660940722669433,-0.15744831104646906
1975-09-01 00:00:00+00:00,19.14,22.326409034221346,-2.750291365299497,-0.4361176689218489
1975-10-01 00:00:00+00:00,19.17,22.36665897869748,-2.432146076064606,-0.7645129026328732
1975-11-01 00:00:00+00:00,19.44,22.421677637637234,-1.5383582203355939,-1.443319417301641
1975-12-01 00:00:00+00:00,21.05,22.50078492833931,-0.7161391603012344,-0.7346457680380745
1976-01-01 00:00:00+00:00,23.51,22.608230404835954,1.2047014467989217,-0.3029318516348738
1976-02-01 00:00:00+00:00,25.36,22.73257546807123,2.6007837914064496,0.026640740522321238
1976-03-01 00:00:00+00:00,25.88,22.85441096397591,3.169875176176767,-0.14428614015267627
1976-04-01 00:00:00+00:00,25.72,22.963585982608826,2.671899361504167,0.08451465588700557
1976-05-01 00:00:00+00:00,25.11,23.06206954225594,1.344627832316346,0.7033026254277139
1976-06-01 00:00:00+00:00,24.46,23.151776307655254,-0.333420821950816,1.6416445142955638
1976-07-01 00:00:00+00:00,23.3,23.227272261634216,-1.229539223529454,1.3022669618952385
1976-08-01 00:00:00+00:00,21.91,23.285015902675077,-2.295453191626682,0.9204372889516037
1976-09-01 00:00:00+00:00,21.56,23.330966471324043,-2.7971128298572285,1.026146358533186
1976-10-01 00:00:00+00:00,21.69,23.373785062060637,-2.3224964321519033,0.6387113700912685
1976-11-01 00:00:00+00:00,22.14,23.41111324210844,-1.4077537600743797,0.13664051796594023
1976-12-01 00:00:00+00:00,23.29,23.42772046327524,-0.48083569043590774,0.34311522716066634
1977-01-01 00:00:00+00:00,24.93,23.401030413979058,1.4198015955145633,0.10916799050637849
1977-02-01 00:00:00+00:00,25.79,23.325114748407785,2.707894213190192,-0.24300896159797958
1977-03-01 00:00:00+00:00,26.13,23.22580553267196,3.0018030724058025,-0.09760860507776314
1977-04-01 00:00:00+00:00,25.29,23.129022816100328,2.468878818507646,-0.30790163460797615
1977-05-01 00:00:00+00:00,23.88,23.04296492367114,1.1524569941027853,-0.31542191777392503
1977-06-01 00:00:00+00:00,22.7,22.967903555876585,-0.37289510243497487,0.10499154655838794
1977-07-01 00:00:00+00:00,21.63,22.90191090098505,-1.343743382860869,0.07183248187581626
1977-08-01 00:00:00+00:00,20.25,22.841757022183955,-2.4487547348127987,-0.14300228737115717
1977-09-01 00:00:00+00:00,19.82,22.785706635382084,-2.7435659197851696,-0.22214071559691462
1977-10-01 00:00:00+00:00,20.61,22.733648809453307,-2.1719110152966277,0.04826220584332219
1977-11-01 00:00:00+00:00,21.29,22.68560295890869,-1.2874382590243383,-0.10816469988435173
1977-12-01 00:00:00+00:00,22.47,22.641606771800735,-0.19808284586977631,0.02647607406904129
1978-01-01 00:00:00+00:00,24.32,22.60233183969569,1.5436026489420278,0.17406551136228288
1978-02-01 00:00:00+00:00,25.77,22.571416565669907,2.6954051501368927,0.5031782841932007
1978-03-01 00:00:00+00:00,25.39,22.55248819407461,2.9196881071757046,-0.08217630125031405
1978-04-01 00:00:00+00:00,24.73,22.547605565119603,2.3410381355579255,-0.15864370067752986
1978-05-01 00:00:00+00:00,23.15,22.555570308013085,1.0436236827897716,-0.4491939908028577
1978-06-01 00:00:00+00:00,21.89,22.572366111136386,-0.31142502002243283,-0.3709410911139521
1978-07-01 00:00:00+00:00,21.01,22.595591599784367,-1.447941692853427,-0.13764990693093893
1978-08-01 00:00:00+00:00,19.66,22.62611701894545,-2.524259321689477,-0.4418576972559727
1978-09-01 00:00:00+00:00,19.98,22.666347179348797,-2.601226885072598,-0.08512029427619794
1978-10-01 00:00:00+00:00,20.22,22.717888144892445,-2.1603669945112345,-0.33752115038121033
1978-11-01 00:00:00+00:00,21.62,22.78229707999543,-1.320078285995612,0.15778120600018397
1978-12-01 00:00:00+00:00,22.94,22.85940552386411,-0.1570205757826407,0.23761505191853516
1979-01-01 00:00:00+00:00,24.71,22.94539157587888,1.455121482734689,0.3094869413864316
1979-02-01 00:00:00+00:00,25.6,23.03268897354608,2.6511286877154663,-0.08381766126154488
1979-03-01 00:00:00+00:00,25.93,23.113196838687053,3.0043502723985847,-0.18754711108563882
1979-04-01 00:00:00+00:00,25.58,23.180956122410876,2.3594490286404097,0.039594848948713235
1979-05-01 00:00:00+00:00,24.52,23.234090188566352,1.1109896249727722,0.17492018646087715
1979-06-01 00:00:00+00:00,23.28,23.273337928932595,-0.22021966969908993,0.22688174076649759
1979-07-01 00:00:00+00:00,21.79,23.300776280268412,-1.542961958977536,0.03218567870912281
1979-08-01 00:00:00+00:00,21.05,23.318886637461233,-2.5053669840469848,0.23648034658575057
1979-09-01 00:00:00+00:00,21.15,23.328968644251407,-2.4799348403411354,0.3009661960897283
1979-10-01 00:00:00+00:00,21.43,23.33147555905384,-2.213490322969571,0.31201476391573024
1979-11-01 00:00:00+00:00,21.95,23.32551553028709,-1.3715189614609926,-0.003996568826096336
1979-12-01 00:00:00+00:00,22.97,23.308824759749033,-0.21560091165272846,-0.12322384809630549
1980-01-01 00:00:00+00:00,24.35,23.279056376872674,1.2954882623324437,-0.22454463920511714
1980-02-01 00:00:00+00:00,25.73,23.23706199494599,2.4986870349075763,-0.0057490298535647355
1980-03-01 00:00:00+00:00,26.46,23.18598001405221,3.16331170705242,0.11070827889537327
1980-04-01 00:00:00+00:00,25.71,23.12847640113405,2.3328539151834806,0.24866968368246845
1980-05-01 00:00:00+00:00,24.46,23.06682889247124,1.197836897708364,0.19533420982039829
1980-06-01 00:00:00+00:00,22.88,23.004034190070673,-0.1525436647367691,0.028509474666094548
1980-07-01 00:00:00+00:00,21.26,22.944651218511126,-1.5723738515995516,-0.11227736691157375
1980-08-01 00:00:00+00:00,20.57,22.891982386675856,-2.4423897822579397,0.12040739558208458
1980-09-01 00:00:00+00:00,20.45,22.846559171643694,-2.426111459768006,0.029552288124310877
1980-10-01 00:00:00+00:00,20.43,22.806126765117465,-2.1562336662258486,-0.21989309889161746
1980-11-01 00:00:00+00:00,21.23,22.767888696245866,-1.3924919486706093,-0.1453967475752549
1980-12-01 00:00:00+00:00,22.34,22.73113173490014,-0.24577097756407118,-0.1453607573360678
1981-01-01 00:00:00+00:00,22.98,22.697590525360123,1.2696826404982995,-0.9872731658584222
1981-02-01 00:00:00+00:00,24.9,22.669174788282596,2.3920408784021823,-0.16121566668477882
1981-03-01 00:00:00+00:00,25.94,22.648065060418713,3.44035942985512,-0.14842449027383253
1981-04-01 00:00:00+00:00,24.89,22.636630970002724,2.11048955509315,0.14287947490412733
1981-05-01 00:00:00+00:00,23.9,22.636288482351308,1.061610710177684,0.20210080747100534
1981-06-01 00:00:00+00:00,22.57,22.646973831592884,-0.21952162870602387,0.14254779711313859
1981-07-01 00:00:00+00:00,21.1,22.668281350327472,-1.5719123202138252,0.003630969886355473
1981-08-01 00:00:00+00:00,20.03,22.6994017854672,-2.4403343798817048,-0.22906740558549288
1981-09-01 00:00:00+00:00,20.09,22.741692671774146,-2.3946206001071606,-0.2570720716669861
1981-10-01 00:00:00+00:00,20.58,22.798877640412492,-2.0664712631997766,-0.1524063772127171
1981-11-01 00:00:00+00:00,21.26,22.872896595668816,-1.3298378415125225,-0.28305875415629345
1981-12-01 00:00:00+00:00,22.6,22.962603468529817,-0.18554689797539817,-0.17705657055441648
1982-01-01 00:00:00+00:00,24.36,23.068973397819605,1.3043347123299596,-0.013308110149566232
1982-02-01 00:00:00+00:00,25.42,23.19407984798621,2.342818598833029,-0.11689844681923489
1982-03-01 00:00:00+00:00,25.4,23.34064024097899,3.5849929457345446,-1.5256331867135344
1982-04-01 00:00:00+00:00,24.96,23.509720478542377,2.0495504793940245,-0.5992709579364011
1982-05-01 00:00:00+00:00,24.21,23.698730560528706,0.8446859579745087,-0.3334165185032134
1982-06-01 00:00:00+00:00,23.35,23.901478042667133,-0.3717090979514962,-0.17976894471563654
1982-07-01 00:00:00+00:00,22.5,24.11304159845046,-1.514577292502545,-0.09846430594791755
1982-08-01 00:00:00+00:00,21.89,24.33284852736032,-2.4047603890127722,-0.038088138347546874
1982-09-01 00:00:00+00:00,22.04,24.562423657649163,-2.293419002137568,-0.229004655511595
1982-10-01 00:00:00+00:00,22.88,24.802174751871025,-1.9675972441093328,0.04542249223830552
1982-11-01 00:00:00+00:00,24.57,25.030016574136912,-1.2647454912016876,0.8047289170647751
1982-12-01 00:00:00+00:00,25.89,25.14088896424857,-0.1552142120149957,0.9043252477664261
1983-01-01 00:00:00+00:00,27.25,25.074480558070604,1.3534341023992946,0.8220853395301013
1983-02-01 00:00:00+00:00,28.23,24.93628951631501,2.283268353620851,1.0104421300641384
1983-03-01 00:00:00+00:00,28.85,24.821467527749245,3.528499580428558,0.5000328918221975
1983-04-01 00:00:00+00:00,28.82,24.740291776030716,2.005249698612097,2.074458525357187
1983-05-01 00:00:00+00:00,28.37,24.672909843189956,0.6391478578626972,3.0579422989473493
1983-06-01 00:00:00+00:00,27.43,24.597346204107506,-0.4862902548681232,3.318944050760617
1983-07-01 00:00:00+00:00,25.73,24.49106343362724,-1.4835821154431619,2.7225186818159237
1983-08-01 00:00:00+00:00,23.88,24.333486698279575,-2.3559371837220726,1.9024504854424968
1983-09-01 00:00:00+00:00,22.26,24.130821619474634,-2.1999664774877346,0.3291448580131018
1983-10-01 00:00:00+00:00,22.22,23.917903819050686,-1.933284768311161,0.23538094926047393
1983-11-01 00:00:00+00:00,22.21,23.720160059473,-1.1756792949363852,-0.334480764536611
1983-12-01 00:00:00+00:00,23.19,23.554442900836882,-0.09508985171322235,-0.26935304912365865
1984-01-01 00:00:00+00:00,24.32,23.423421249185875,1.3993547930205756,-0.5027760422064489
1984-02-01 00:00:00+00:00,25.12,23.316040607655,2.3755220851529506,-0.5715626928079516
1984-03-01 00:00:00+00:00,25.75,23.219304723924235,3.480547437087421,-0.9498521610116555
1984-04-01 00:00:00+00:00,25.4,23.12849638957154,2.021295139402714,0.2502084710257435
1984-05-01 00:00:00+00:00,23.58,23.0425394092727,0.48826570008553893,0.04919489064176119
1984-06-01 00:00:00+00:00,22.3,22.962178746955743,-0.5874631883255804,-0.07471555863016377
1984-07-01 00:00:00+00:00,21.53,22.889993030126902,-1.4652521843134263,0.10525915418652687
1984-08-01 00:00:00+00:00,20.64,22.828127633944092,-2.291889916398344,0.10376228245425168
1984-09-01 00:00:00+00:00,20.73,22.772226323012777,-2.1598758621886525,0.11764953917587562
1984-10-01 00:00:00+00:00,20.62,22.71600667390231,-1.9623535145136881,-0.1336531593886221
1984-11-01 00:00:00+00:00,21.7,22.657078157164506,-1.2365543422469611,0.279476185082455
1984-12-01 00:00:00+00:00,22.47,22.595845145099883,-0.10879943332062247,-0.01704571177926084
1985-01-01 00:00:00+00:00,23.84,22.534958059204023,1.424667599078871,-0.11962565828289229
1985-02-01 00:00:00+00:00,24.83,22.47794094759217,2.5222821352503826,-0.17022308284255416
1985-03-01 00:00:00+00:00,25.6,22.42896096738797,3.24333159802727,-0.07229256541523554
1985-04-01 00:00:00+00:00,24.28,22.391156028774386,2.140471008453655,-0.25162703722804025
1985-05-01 00:00:00+00:00,22.67,22.36734968205852,0.441006324013924,-0.13835600607244203
1985-06-01 00:00:00+00:00,21.84,22.358568140052384,-0.6272561453771334,0.10868800532474765
1985-07-01 00:00:00+00:00,20.75,22.363940990807503,-1.4402589074843344,-0.17368208332316826
1985-08-01 00:00:00+00:00,19.9,22.38162270429089,-2.256734031287251,-0.22488867300364035
1985-09-01 00:00:00+00:00,19.86,22.409063709836417,-2.1971654591361305,-0.35189825070028746
1985-10-01 00:00:00+00:00,20.26,22.445777533761756,-2.0298312762428843,-0.15594625751887037
1985-11-01 00:00:00+00:00,20.97,22.491890007198904,-1.2922793859005877,-0.22961062129831689
1985-12-01 00:00:00+00:00,22.49,22.548116603132275,-0.13025752706934396,0.0721409239370665
1986-01-01 00:00:00+00:00,24.31,22.615147630040635,1.5146134814052121,0.18023888855415038
1986-02-01 00:00:00+00:00,25.9,22.69230337625758,2.754269948891114,0.45342667485130406
1986-03-01 00:00:00+00:00,25.78,22.778207597572564,3.2073331634416404,-0.20554076101420193
1986-04-01 00:00:00+00:00,24.86,22.8719953445607,2.1822433610484566,-0.19423870560915546
1986-05-01 00:00:00+00:00,23.35,22.97228377868326,0.4143034072734025,-0.036587185956658885
1986-06-01 00:00:00+00:00,22.03,23.077579816250577,-0.6209845278494431,-0.42659528840113126
1986-07-01 00:00:00+00:00,21.64,23.187425397745045,-1.4648402021497917,-0.08258519559525368
1986-08-01 00:00:00+00:00,21.07,23.3025590867985,-2.2938982824596374,0.061339195661137325
1986-09-01 00:00:00+00:00,21.13,23.425573795865567,-2.3129764892651643,0.017402693399596103
1986-10-01 00:00:00+00:00,21.46,23.555801092471484,-2.099814705836592,0.004013613365110302
1986-11-01 00:00:00+00:00,22.17,23.68632183836199,-1.3100357145161357,-0.2062861238458531
1986-12-01 00:00:00+00:00,23.53,23.80988069761721,-0.12801298960630048,-0.15186770801090788
1987-01-01 00:00:00+00:00,25.6,23.923751436836763,1.6011956838995007,0.07505287926373683
1987-02-01 00:00:00+00:00,27.02,24.022711425079027,2.9315977317564954,0.06569084316447871
1987-03-01 00:00:00+00:00,27.89,24.097961075587474,3.22829473508961,0.563744189322918
1987-04-01 00:00:00+00:00,26.95,24.141920191207724,2.254782696898029,0.5532971118942456
1987-05-01 00:00:00+00:00,25.96,24.15323311742805,0.4516505456552392,1.3551163369167085
1987-06-01 00:00:00+00:00,24.04,24.135377352551533,-0.673886587505038,0.5785092349535041
1987-07-01 00:00:00+00:00,23.0,24.09199249354598,-1.52674449864771,0.4347520051017284
1987-08-01 00:00:00+00:00,21.92,24.02562226971512,-2.313070346460026,0.20744807674490673
1987-09-01 00:00:00+00:00,22.0,23.936408493493488,-2.4522544836977826,0.5158459902042942
1987-10-01 00:00:00+00:00,22.54,23.821121147779397,-2.2129740315595314,0.9318528837801345
1987-11-01 00:00:00+00:00,22.84,23.675799289891696,-1.3544524071493247,0.5186531172576281
1987-12-01 00:00:00+00:00,23.51,23.502579377548653,-0.17884039556384357,0.18626101801519113
1988-01-01 00:00:00+00:00,24.76,23.313555745959945,1.596935135521666,-0.15049088148160905
1988-02-01 00:00:00+00:00,25.74,23.125985169391623,3.0406024685847335,-0.42658763797635757
1988-03-01 00:00:00+00:00,25.71,22.951749250925882,3.2903748130465904,-0.5321240639724714
1988-04-01 00:00:00+00:00,24.68,22.79754548319611,2.3803544078345373,-0.4978998910306487
1988-05-01 00:00:00+00:00,23.18,22.66848282194331,0.5558287303066655,-0.04431155224997596
1988-06-01 00:00:00+00:00,21.66,22.570366653362882,-0.6119282176049865,-0.29843843575789464
1988-07-01 00:00:00+00:00,20.59,22.50588763663566,-1.5467515725979077,-0.36913606403775034
1988-08-01 00:00:00+00:00,19.63,22.471130840723156,-2.265660488331053,-0.5754703523921023
1988-09-01 00:00:00+00:00,19.44,22.459114321044975,-2.5468594903604616,-0.4722548306845127
1988-10-01 00:00:00+00:00,19.83,22.467203584375483,-2.2919451002285793,-0.3452584841469033
1988-11-01 00:00:00+00:00,20.96,22.492507706668327,-1.3723265758700116,-0.1601811307983141
1988-12-01 00:00:00+00:00,22.25,22.529285854722282,-0.24171983840389497,-0.03756601631838663
1989-01-01 00:00:00+00:00,24.36,22.57303981350568,1.4880646389341643,0.2988955475601536
1989-02-01 00:00:00+00:00,26.02,22.62214588269258,3.0567132958272194,0.3411408214802023
1989-03-01 00:00:00+00:00,26.21,22.675549706324784,3.2755840245592043,0.2588662691160124
1989-04-01 00:00:00+00:00,25.54,22.73007689273188,2.346483844670121,0.4634392625979977
1989-05-01 00:00:00+00:00,23.36,22.780413769797036,0.7629474315195671,-0.18336120131660394
1989-06-01 00:00:00+00:00,22.14,22.821834225872813,-0.4830739894569913,-0.19876023641582208
1989-07-01 00:00:00+00:00,21.27,22.852511057593826,-1.5404857594561636,-0.04202529813766276
1989-08-01 00:00:00+00:00,20.86,22.873697400906796,-2.2405516533531937,0.22685425244639745
1989-09-01 00:00:00+00:00,20.17,22.887912042545157,-2.641021045401692,-0.0768909971434617
1989-10-01 00:00:00+00:00,20.52,22.897757058475936,-2.3863248045166268,0.008567746040689883
1989-11-01 00:00:00+00:00,21.44,22.906106066355743,-1.4694860838065333,0.003380017450790973
1989-12-01 00:00:00+00:00,22.61,22.914666267589034,-0.31828456962133944,0.013618302032305962
1990-01-01 00:00:00+00:00,24.22,22.922483215009166,1.3676814449331307,-0.07016465994229648
1990-02-01 00:00:00+00:00,26.17,22.927500196119418,3.0309680678132938,0.2115317360672897
1990-03-01 00:00:00+00:00,26.15,22.927732662594646,3.3287443132386185,-0.10647697583326732
1990-04-01 00:00:00+00:00,25.15,22.921849723277145,2.2404877756371326,-0.01233749891427749
1990-05-01 00:00:00+00:00,24.14,22.911305680895047,1.0076298481899257,0.221064470915028
1990-06-01 00:00:00+00:00,22.76,22.89952017089144,-0.29923920289836464,0.15971903200692594
1990-07-01 00:00:00+00:00,21.36,22.89019006645307,-1.4819667428393073,-0.04822332361376169
1990-08-01 00:00:00+00:00,20.7,22.88546066474164,-2.2285519394981197,0.04309127475648111
1990-09-01 00:00:00+00:00,20.28,22.887776458421662,-2.6341044677300203,0.02632800930835799
1990-10-01 00:00:00+00:00,20.4,22.89975373218119,-2.337813054794388,-0.16194067738680218
1990-11-01 00:00:00+00:00,21.19,22.922831561224108,-1.5442097474448353,-0.188621813779271
1990-12-01 00:00:00+00:00,22.29,22.957655855586754,-0.3908213316839799,-0.2768345239027745
1991-01-01 00:00:00+00:00,23.99,23.004422494860005,1.2233736356047404,-0.2377961304647478
1991-02-01 00:00:00+00:00,25.59,23.06253228684047,2.929905401959781,-0.40243768880025144
1991-03-01 00:00:00+00:00,26.31,23.132153529520288,3.421519159020657,-0.24367268854094704
1991-04-01 00:00:00+00:00,25.15,23.211729301206855,1.8989982071020401,0.03927249169110425
1991-05-01 00:00:00+00:00,24.44,23.298233189315173,1.2593627108121335,-0.1175959001273057
1991-06-01 00:00:00+00:00,23.28,23.390511031901475,-0.03268288161694039,-0.07782815028453527
1991-07-01 00:00:00+00:00,22.39,23.48864273245059,-1.423120222404668,0.32447748995408077
1991-08-01 00:00:00+00:00,21.39,23.589672696664202,-2.2799476297473107,0.08027493308311051
1991-09-01 00:00:00+00:00,21.22,23.682955870797123,-2.5785855030879805,0.11562963229085454
1991-10-01 00:00:00+00:00,21.73,23.753091976305683,-2.2421568150083124,0.2190648387026286
1991-11-01 00:00:00+00:00,22.4,23.789851554881547,-1.5526761426747495,0.16282458779319953
1991-12-01 00:00:00+00:00,23.75,23.796055980214373,-0.46710771850371346,0.4210517382893393
1992-01-01 00:00:00+00:00,25.02,23.782003590845815,1.1550537357053263,0.08294267344885853
1992-02-01 00:00:00+00:00,26.62,23.756380476695895,2.8105089284043707,0.05311059489973502
1992-03-01 00:00:00+00:00,27.72,23.723797853670643,3.4039692693632637,0.5922328769660936
1992-04-01 00:00:00+00:00,27.58,23.6870150502536,1.8169987190617323,2.0759862306846664
1992-05-01 00:00:00+00:00,26.44,23.648837001969028,1.1326759078305204,1.6584870902004525
1992-06-01 00:00:00+00:00,23.86,23.610589838082095,0.06832289881679313,0.18108726310111223
1992-07-01 00:00:00+00:00,21.84,23.569736738619763,-1.3834930198292628,-0.3462437187905003
1992-08-01 00:00:00+00:00,20.87,23.527985867551116,-2.328743789248977,-0.32924207830213703
1992-09-01 00:00:00+00:00,20.85,23.49275112849074,-2.5119779340592574,-0.13077319443148383
1992-10-01 00:00:00+00:00,21.15,23.474745968072714,-2.0713860283434213,-0.25335993972929316
1992-11-01 00:00:00+00:00,21.84,23.48292439173818,-1.4356592991093458,-0.20726509262883397
1992-12-01 00:00:00+00:00,22.79,23.513518563149894,-0.48528801635197905,-0.2382305467979151
1993-01-01 00:00:00+00:00,24.68,23.55198975856217,1.2168766347583273,-0.0888663933204974
1993-02-01 00:00:00+00:00,26.46,23.584658766655775,2.8552365001774413,0.02010473316678585
1993-03-01 00:00:00+00:00,27.07,23.60676621784039,3.3495417630358597,0.11369201912375004
1993-04-01 00:00:00+00:00,26.84,23.620567304774102,1.6747134608703322,1.544719234355565
1993-05-01 00:00:00+00:00,25.6,23.62735390035549,0.982904752024244,0.9897413476202672
1993-06-01 00:00:00+00:00,24.11,23.625210180168082,-0.022546110639629434,0.5073359304715481
1993-07-01 00:00:00+00:00,22.61,23.613448330895135,-1.42806638334884,0.424618052453706
1993-08-01 00:00:00+00:00,21.65,23.590606355342075,-2.3765019335177446,0.4358955781756677
1993-09-01 00:00:00+00:00,21.11,23.552632163763334,-2.411129553118908,-0.031502610644427165
1993-10-01 00:00:00+00:00,21.71,23.49407167543776,-1.980356817580433,0.19628514214267412
1993-11-01 00:00:00+00:00,22.07,23.411467732601466,-1.2468991933208402,-0.09456853928062614
1993-12-01 00:00:00+00:00,22.86,23.309467399338335,-0.5247935532575891,0.0753261539192529
1994-01-01 00:00:00+00:00,24.56,23.20031800535966,1.2683226074556413,0.09135938718469916
1994-02-01 00:00:00+00:00,25.89,23.098313641479447,2.9911880314939596,-0.1995016729734047
1994-03-01 00:00:00+00:00,25.75,23.0095779688199,3.309067831548222,-0.5686458003681238
1994-04-01 00:00:00+00:00,24.49,22.936755541818602,1.5472661893037365,0.005978268877658621
1994-05-01 00:00:00+00:00,23.52,22.887532629224904,0.8980524787077925,-0.2655851079326972
1994-06-01 00:00:00+00:00,22.31,22.86294339383308,-0.18931112226100758,-0.3636322715720759
1994-07-01 00:00:00+00:00,21.17,22.850777431392387,-1.4338101914820234,-0.2469672399103615
1994-08-01 00:00:00+00:00,20.22,22.83807854947416,-2.327445771619856,-0.29063277785430586
1994-09-01 00:00:00+00:00,20.65,22.824508186694892,-2.284574796422513,0.1100666097276175
1994-10-01 00:00:00+00:00,22.04,22.815652870772514,-1.9617221010352985,1.1860692302627847
1994-11-01 00:00:00+00:00,22.27,22.814885564412297,-1.1894329981990976,0.6445474337868013
1994-12-01 00:00:00+00:00,23.75,22.821162978950237,-0.6042171811181933,1.533054202167957
1995-01-01 00:00:00+00:00,25.48,22.8308608750367,1.3324939993964975,1.3166451255668044
1995-02-01 00:00:00+00:00,26.25,22.842255017495535,3.036899747925209,0.37084523457925656
1995-03-01 00:00:00+00:00,26.09,22.853242141669043,3.3531252782836196,-0.1163674199526632
1995-04-01 00:00:00+00:00,24.32,22.855805844951416,1.6568525635444626,-0.1926584084958769
1995-05-01 00:00:00+00:00,23.37,22.843202669404015,0.7859656416650157,-0.25916831106902904
1995-06-01 00:00:00+00:00,22.43,22.815447241878662,-0.4684512720925269,0.08300403021386416
1995-07-01 00:00:00+00:00,21.42,22.779698236329647,-1.5168613315069523,0.15716309517730664
1995-08-01 00:00:00+00:00,20.46,22.742367319309796,-2.3157938035009504,0.0334264841911569
1995-09-01 00:00:00+00:00,20.5,22.70333373018862,-2.183664779108213,-0.019668951080408448
1995-10-01 00:00:00+00:00,20.62,22.66152184258048,-2.0044763345732,-0.037045508007278016
1995-11-01 00:00:00+00:00,21.49,22.61965973787816,-1.354378667096829,0.22471892921866754
1995-12-01 00:00:00+00:00,22.03,22.583401123437273,-0.7923265399573075,0.2389254165200363
1996-01-01 00:00:00+00:00,23.81,22.55516152507703,1.5084113442025928,-0.25357286927962264
1996-02-01 00:00:00+00:00,25.52,22.532593990449268,2.965592157996649,0.02181385155408222
1996-03-01 00:00:00+00:00,26.28,22.513841153183492,3.4153003775623128,0.35085846925419517
1996-04-01 00:00:00+00:00,24.0,22.499417169135814,1.9831829944555965,-0.48260016359141034
1996-05-01 00:00:00+00:00,23.11,22.495476961343066,1.1309898524486652,-0.5164668137917303
1996-06-01 00:00:00+00:00,21.66,22.511598501459808,-0.4228846848400315,-0.42871381661977637
1996-07-01 00:00:00+00:00,20.72,22.556260506085252,-1.4944075450939618,-0.3418529609912895
1996-08-01 00:00:00+00:00,20.23,22.630119023409375,-2.309575584929032,-0.09054343848034208
1996-09-01 00:00:00+00:00,20.43,22.730298448047833,-2.3580672249716907,0.057768776923857956
1996-10-01 00:00:00+00:00,20.52,22.85689066377951,-2.233202035833714,-0.1036886279457967
1996-11-01 00:00:00+00:00,20.77,23.011067445792655,-1.7023849699867428,-0.5386824758059134
1996-12-01 00:00:00+00:00,21.68,23.193201053654935,-0.9102884250831953,-0.6029126285717403
1997-01-01 00:00:00+00:00,23.7,23.400575401663392,1.6280477314087167,-1.32862313307211
1997-02-01 00:00:00+00:00,26.08,23.62735216378196,2.7906648673892636,-0.3380170311712263
1997-03-01 00:00:00+00:00,27.17,23.87677093837886,3.432541597258284,-0.13931253563714208
1997-04-01 00:00:00+00:00,26.74,24.150178375160568,2.375781221819091,0.21404040302033778
1997-05-01 00:00:00+00:00,26.77,24.388678798848403,1.5110375798242477,0.8702836213273493
1997-06-01 00:00:00+00:00,26.15,24.56877693535391,-0.3482402872869776,1.929463351933066
1997-07-01 00:00:00+00:00,25.59,24.733382107448275,-1.4617590200536854,2.318376912605409
1997-08-01 00:00:00+00:00,24.95,24.90272112946338,-2.2754263574744855,2.322705228011106
1997-09-01 00:00:00+00:00,24.69,25.07092222057076,-2.5415318011090218,2.16060958053826
1997-10-01 00:00:00+00:00,24.64,25.231969178427587,-2.3671683904525374,1.7751992120249511
1997-11-01 00:00:00+00:00,25.85,25.40529959524905,-1.9927811290903141,2.4374815338412645
1997-12-01 00:00:00+00:00,27.08,25.650893588745543,-0.8819585797263095,2.311064990980764
1998-01-01 00:00:00+00:00,28.12,25.981834656975593,1.6153404711666457,0.522824871857761
1998-02-01 00:00:00+00:00,28.82,26.161265755639825,2.6216082300270434,0.03712601433313267
1998-03-01 00:00:00+00:00,29.24,26.014391440253767,3.3202342722398543,-0.09462571249362384
1998-04-01 00:00:00+00:00,28.45,25.741938871658423,2.6604319660286673,0.04762916231290859
1998-05-01 00:00:00+00:00,27.36,25.454926723872614,1.7165826858186795,0.18849059030870663
1998-06-01 00:00:00+00:00,25.19,25.171800344257466,-0.2540002277290991,0.2721998834716324
1998-07-01 00:00:00+00:00,23.61,24.896337117226714,-1.422576364911139,0.13623924768442208
1998-08-01 00:00:00+00:00,22.27,24.627115342258563,-2.289044582589775,-0.06807075966878884
1998-09-01 00:00:00+00:00,21.31,24.36380243788191,-2.6608404531220784,-0.39296198475983246
1998-10-01 00:00:00+00:00,21.37,24.11508512504451,-2.411880866816996,-0.33320425822751076
1998-11-01 00:00:00+00:00,21.6,23.89490269985753,-2.1850024528438174,-0.10990024701370871
1998-12-01 00:00:00+00:00,22.81,23.707778979619523,-0.8060785093884725,-0.09170047023104999
1999-01-01 00:00:00+00:00,24.23,23.5469151813457,1.5997434025747936,-0.9166585839204942
1999-02-01 00:00:00+00:00,25.73,23.404697989153185,2.6285985612085,-0.3032965503616829
1999-03-01 00:00:00+00:00,26.47,23.279313368741608,3.2842335111174563,-0.09354687985906551
1999-04-01 00:00:00+00:00,24.53,23.170756814598985,2.7917708575532094,-1.4325276721521938
1999-05-01 00:00:00+00:00,23.64,23.07773116452731,1.6528695697665718,-1.0906007342938828
1999-06-01 00:00:00+00:00,22.09,22.997200170529055,-0.11168419580424324,-0.7955159747248111
1999-07-01 00:00:00+00:00,21.36,22.927108844219596,-1.3635017726076435,-0.2036070716119518
1999-08-01 00:00:00+00:00,20.67,22.86796182150293,-2.381591999666575,0.18363017816364646
1999-09-01 00:00:00+00:00,20.08,22.824023665231998,-2.7075631740417667,-0.03646049119023331
1999-10-01 00:00:00+00:00,20.46,22.797741131573776,-2.3692844747058626,0.03154334313208906
1999-11-01 00:00:00+00:00,20.62,22.78591439965936,-2.206491687167647,0.0405772875082846
1999-12-01 00:00:00+00:00,22.42,22.78511230805072,-0.6670218877661029,0.30190957971538523
2000-01-01 00:00:00+00:00,24.01,22.794538783363443,1.309571917730337,-0.09411070109377917
2000-02-01 00:00:00+00:00,25.38,22.808493160731143,2.7492660304184775,-0.17775919114962235
2000-03-01 00:00:00+00:00,25.67,22.81998850482154,3.467905470326843,-0.6178939751483838
2000-04-01 00:00:00+00:00,25.53,22.827874210967977,2.8712717410559043,-0.16914595202387872
2000-05-01 00:00:00+00:00,24.27,22.835652420009588,1.3651472226147428,0.06920035737567076
2000-06-01 00:00:00+00:00,22.93,22.8480515541503,-0.15974013592473932,0.24168858177444008
2000-07-01 00:00:00+00:00,21.47,22.867105844009863,-1.4629589039714062,0.06585305996154034
2000-08-01 00:00:00+00:00,20.07,22.891285809772015,-2.4976822065561044,-0.3236036032159113
2000-09-01 00:00:00+00:00,20.64,22.9186186071539,-2.627337776501954,0.3487191693480547
2000-10-01 00:00:00+00:00,20.9,22.94708552809456,-2.2550542735383226,0.2079687454437611
2000-11-01 00:00:00+00:00,20.67,22.97225901006956,-2.1022166383490988,-0.20004237172046047
2000-12-01 00:00:00+00:00,22.08,22.98833932318267,-0.4735294879364844,-0.4348098352461882
2001-01-01 00:00:00+00:00,24.24,22.99216087334631,1.1747948296647843,0.07304429698890402
2001-02-01 00:00:00+00:00,26.11,22.984087402601407,2.845965836711927,0.27994676068666635
2001-03-01 00:00:00+00:00,26.89,22.9670379727196,3.5994518863168605,0.3235101409635419
2001-04-01 00:00:00+00:00,25.99,22.944722144576073,2.851966407944951,0.1933114474789761
2001-05-01 00:00:00+00:00,23.98,22.925083488208138,0.9904982672043436,0.0644182445875181
2001-06-01 00:00:00+00:00,22.71,22.918593085721465,-0.25294383295427675,0.04435074723281218
2001-07-01 00:00:00+00:00,21.48,22.9300288252582,-1.6266741115158287,0.176645286257628
2001-08-01 00:00:00+00:00,20.24,22.9557380913952,-2.533291786402083,-0.18244630499311754
2001-09-01 00:00:00+00:00,19.73,22.9922936167601,-2.5609922444535935,-0.7013013723065065
2001-10-01 00:00:00+00:00,20.14,23.034490879383533,-2.1001047188964277,-0.7943861604871039
2001-11-01 00:00:00+00:00,20.68,23.079486709998594,-1.7804798682454224,-0.6190068417531727
2001-12-01 00:00:00+00:00,21.73,23.127703825203632,-0.22642210444803756,-1.1712817207555943
2002-01-01 00:00:00+00:00,24.09,23.18049562172425,1.2543335284125618,-0.3448291501368139
2002-02-01 00:00:00+00:00,26.23,23.241184484497822,2.929048306368487,0.05976720913369249
2002-03-01 00:00:00+00:00,27.39,23.313246205821255,3.623816938619635,0.45293685555911267
2002-04-01 00:00:00+00:00,26.44,23.397251103511483,2.604744294152644,0.438004602335873
2002-05-01 00:00:00+00:00,25.29,23.48816743043487,0.5816543143813319,1.2201782551837965
2002-06-01 00:00:00+00:00,23.28,23.57346178588923,-0.4930954273146587,0.19963364142543227
2002-07-01 00:00:00+00:00,21.64,23.63786342269943,-1.7716841909857672,-0.22617923171366172
2002-08-01 00:00:00+00:00,21.32,23.674076506659816,-2.447654702162075,0.09357819550226054
2002-09-01 00:00:00+00:00,21.42,23.682986665075013,-2.56318765917283,0.30020099409781764
2002-10-01 00:00:00+00:00,21.85,23.67001674997441,-1.9604902405926095,0.14047349061820213
2002-11-01 00:00:00+00:00,22.85,23.64309610786125,-1.3750309022056493,0.5819347943443987
2002-12-01 00:00:00+00:00,24.05,23.607303120125295,0.01957988930716642,0.4231169905675394
2003-01-01 00:00:00+00:00,25.01,23.570132519172592,1.3672397514878207,0.07262772933959027
2003-02-01 00:00:00+00:00,26.27,23.535650143107627,2.9777296635960067,-0.2433798067036328
2003-03-01 00:00:00+00:00,26.91,23.503584683226375,3.358613071599737,0.047802245173887314
2003-04-01 00:00:00+00:00,25.41,23.472455994157983,2.3483079790915244,-0.41076397324950875
2003-05-01 00:00:00+00:00,23.24,23.439776330142895,0.32787809782821903,-0.5276544279711146
2003-06-01 00:00:00+00:00,22.15,23.405272683712344,-0.6491178010936914,-0.6061548826186538
2003-07-01 00:00:00+00:00,21.5,23.37268457797833,-1.8641989265861967,-0.008485651392131643
2003-08-01 00:00:00+00:00,21.25,23.345666421583402,-2.3876379464203983,0.2919715248369954
2003-09-01 00:00:00+00:00,20.75,23.326144663765202,-2.5559368187315368,-0.020207845033663574
2003-10-01 00:00:00+00:00,21.7,23.313945538757377,-1.9207274370496765,0.30678189829230007
2003-11-01 00:00:00+00:00,22.33,23.30731576091546,-0.8466348649556729,-0.1306808959597916
2003-12-01 00:00:00+00:00,23.6,23.30420097991372,0.19795780267792334,0.09784121740835872
2004-01-01 00:00:00+00:00,25.09,23.303725898192234,1.4905101250912873,0.29576397671647925
2004-02-01 00:00:00+00:00,26.47,23.305363110892365,3.0972151351691046,0.0674217539385289
2004-03-01 00:00:00+00:00,26.12,23.307270338283956,3.0754977966693713,-0.2627681349533262
2004-04-01 00:00:00+00:00,25.27,23.307271289267845,2.0453771572158974,-0.08264844648374492
2004-05-01 00:00:00+00:00,23.44,23.305203236017036,0.28015916816507896,-0.14536240418211221
2004-06-01 00:00:00+00:00,22.54,23.301888196120906,-0.6870976611358404,-0.07479053498506616
2004-07-01 00:00:00+00:00,21.26,23.297843756040347,-1.7186322137365693,-0.31921154230377624
2004-08-01 00:00:00+00:00,20.79,23.294640389525743,-2.3512712761198835,-0.15336911340585857
2004-09-01 00:00:00+00:00,20.83,23.29322898560205,-2.66254812950679,0.19931914390473793
2004-10-01 00:00:00+00:00,21.56,23.292107522330294,-2.204843926221731,0.47273640389143523
2004-11-01 00:00:00+00:00,22.88,23.288460092247547,-0.6000632314496662,0.1916031392021189
2004-12-01 00:00:00+00:00,23.39,23.27954569540725,-0.14710548817156513,0.2575597927643152
2005-01-01 00:00:00+00:00,24.61,23.26338377993225,1.6117899357444088,-0.26517371567666004
2005-02-01 00:00:00+00:00,25.09,23.239260815944764,3.331287739538605,-1.4805485554833702
2005-03-01 00:00:00+00:00,25.23,23.207343753288253,3.0523196080423247,-1.0296633613305772
2005-04-01 00:00:00+00:00,25.21,23.17059579301618,1.9604339825328756,0.07897022445094493
2005-05-01 00:00:00+00:00,24.31,23.1326974087253,0.5164480981231672,0.6608544931515326
2005-06-01 00:00:00+00:00,22.6,23.095758437073094,-0.6115890651919221,0.11583062811882883
2005-07-01 00:00:00+00:00,21.61,23.061193756700312,-1.5012450262422592,0.05005126954194594
2005-08-01 00:00:00+00:00,20.47,23.0334487660206,-2.3420471195138317,-0.22140164650677008
2005-09-01 00:00:00+00:00,20.0,23.015499929370396,-2.7428347751026005,-0.2726651542677949
2005-10-01 00:00:00+00:00,19.89,23.00772316893283,-2.6372728637548297,-0.4804503051779996
2005-11-01 00:00:00+00:00,20.61,23.00909858543448,-0.4706106095779943,-1.9284879758564841
2005-12-01 00:00:00+00:00,22.2,23.017942936866287,-0.6394469042978904,-0.17849603256839686
2006-01-01 00:00:00+00:00,24.76,23.03519546267757,1.5582517183717552,0.1665528189506773
2006-02-01 00:00:00+00:00,26.52,23.063739908846063,3.528360147186705,-0.07210005603277025
2006-03-01 00:00:00+00:00,26.22,23.105187630210324,3.172872598444564,-0.058060228654888135
2006-04-01 00:00:00+00:00,24.29,23.15562618226712,2.059610873348589,-0.9252370556157103
2006-05-01 00:00:00+00:00,23.84,23.200795597682607,0.6834659060271583,-0.044261503709766004
2006-06-01 00:00:00+00:00,22.82,23.222877319771182,-0.5487789618871289,0.14590164211594825
2006-07-01 00:00:00+00:00,22.2,23.219490531105926,-1.2779883006982489,0.25849776959232074
2006-08-01 00:00:00+00:00,21.89,23.197686984314803,-2.283487773036497,0.9758007887216955
2006-09-01 00:00:00+00:00,21.93,23.163753036678223,-2.712511439440874,1.4787584027626508
2006-10-01 00:00:00+00:00,22.46,23.122884865321144,-2.8668772223179735,2.2039923569968316
2006-11-01 00:00:00+00:00,22.61,23.077319304157108,-0.7280449924175706,0.26072568826046094
2006-12-01 00:00:00+00:00,24.15,23.02803134823693,-0.9762093501547138,2.098178001917784
2007-01-01 00:00:00+00:00,25.82,22.971599322654875,1.3894987241226004,1.4589019532225258
2007-02-01 00:00:00+00:00,26.81,22.90393928845703,3.572468398588394,0.3335923129545755
2007-03-01 00:00:00+00:00,26.41,22.823049662654842,3.471851581685941,0.1150987556592149
2007-04-01 00:00:00+00:00,24.96,22.72902327211587,2.1073427642518876,0.12363396363224055
2007-05-01 00:00:00+00:00,23.05,22.643338374095162,0.7666999015535635,-0.36003827564872637
2007-06-01 00:00:00+00:00,21.61,22.592670170457314,-0.440751299036108,-0.5419188714212062
2007-07-01 00:00:00+00:00,21.05,22.579861240494896,-1.050437992850642,-0.47942324764425237
2007-08-01 00:00:00+00:00,19.95,22.59452140396677,-2.085420177791346,-0.5591012261754251
2007-09-01 00:00:00+00:00,19.85,22.62906577629095,-2.605797094996817,-0.17326868129413242
2007-10-01 00:00:00+00:00,19.31,22.68060846666568,-2.8986807377207464,-0.4719277289449373
2007-11-01 00:00:00+00:00,19.82,22.74540436869423,-1.104982679487199,-1.8204216892070306
2007-12-01 00:00:00+00:00,21.15,22.827062719972993,-1.143056641498464,-0.5340060784745297
2008-01-01 00:00:00+00:00,24.24,22.931446912705283,1.209854577621288,0.09869850967342586
2008-02-01 00:00:00+00:00,26.39,23.053590286711177,3.3297316785813895,0.006678034707434222
2008-03-01 00:00:00+00:00,26.91,23.1799945403213,3.463792059556186,0.2662134001225134
2008-04-01 00:00:00+00:00,25.68,23.29717646455547,2.2648742655898286,0.11794926985470156
2008-05-01 00:00:00+00:00,24.43,23.400586132348028,0.9957438595938125,0.03367000805815934
2008-06-01 00:00:00+00:00,23.19,23.487190277747633,-0.18228821899413822,-0.11490205875349346
2008-07-01 00:00:00+00:00,23.02,23.550646275374294,-1.0933637027169127,0.5627174273426192
2008-08-01 00:00:00+00:00,22.14,23.591323586464394,-2.242027131822366,0.7907035453579709
2008-09-01 00:00:00+00:00,21.6,23.621350350898314,-2.601969417184752,0.5806190662864381
2008-10-01 00:00:00+00:00,21.39,23.654351107112998,-2.6738705512800145,0.40951944416701735
2008-11-01 00:00:00+00:00,21.54,23.693083585681986,-1.4339991038676563,-0.7190844818143312
2008-12-01 00:00:00+00:00,22.73,23.733786320954497,-0.8960676757625454,-0.10771864519195162
2009-01-01 00:00:00+00:00,24.39,23.770911307785845,1.0373440924604276,-0.41825540024627017
2009-02-01 00:00:00+00:00,25.53,23.798746700632698,3.04527267277881,-1.314019373411508
2009-03-01 00:00:00+00:00,25.48,23.814663207029813,3.4220024396517053,-1.756665646681519
2009-04-01 00:00:00+00:00,25.84,23.820986933693465,2.448806382024371,-0.42979331571783774
2009-05-01 00:00:00+00:00,24.95,23.822560278026735,1.2547158843685589,-0.12727616239529382
2009-06-01 00:00:00+00:00,24.09,23.825284924428843,0.06647850538186795,0.19823657018928742
2009-07-01 00:00:00+00:00,23.09,23.831635885660944,-1.170544326817182,0.4289084411562385
2009-08-01 00:00:00+00:00,22.03,23.837498079386524,-2.4520005787783083,0.6445024993917841
2009-09-01 00:00:00+00:00,21.48,23.830929342253594,-2.70587673095861,0.35494738870501763
2009-10-01 00:00:00+00:00,21.64,23.79931138218035,-2.5006839578506104,0.34137257567026325
2009-11-01 00:00:00+00:00,21.99,23.73793943716024,-1.7390210628109182,-0.00891837434932441
2009-12-01 00:00:00+00:00,23.21,23.649753378080536,-0.518250622996405,0.0784972449158694
2010-01-01 00:00:00+00:00,24.7,23.54188951144192,0.8553649409986168,0.30274554755946426
2010-02-01 00:00:00+00:00,26.16,23.395450321677114,2.7425481090584047,0.022001569264482157
2010-03-01 00:00:00+00:00,26.54,23.253860244121427,3.357115579423664,-0.07097582354509058
2010-04-01 00:00:00+00:00,26.04,23.114354576077442,2.625884539302239,0.29976088462031925
2010-05-01 00:00:00+00:00,24.75,22.97495028924142,1.5325101915339756,0.2425395192246036
2010-06-01 00:00:00+00:00,23.26,22.834675691310174,0.3419310908569399,0.08339321783288867
2010-07-01 00:00:00+00:00,21.11,22.69301750750065,-1.2615256615622898,-0.3214918459383611
2010-08-01 00:00:00+00:00,19.49,22.54977563502294,-2.692842154803516,-0.3669334802194264
2010-09-01 00:00:00+00:00,19.28,22.405065377151082,-2.8562677451458054,-0.26879763200527407
2010-10-01 00:00:00+00:00,19.73,22.259237185302734,-2.3452580639724268,-0.18397912133030658
2010-11-01 00:00:00+00:00,20.44,22.112780103923587,-1.9952841665521825,0.322504062628596
2010-12-01 00:00:00+00:00,22.07,21.966195816213666,-0.07651209385120486,0.18031627763753733
