event,probability,outcome,threshold
0,0.32342854763623885,1,0.2
1,0.40281583829422574,1,0.2
2,0.23761608916309807,0,0.2
3,0.5323654100792672,1,0.2
4,0.4943393447003585,0,0.2
5,0.9356854546724405,1,0.2
6,0.9582789023491964,1,0.2
7,0.2491613500155384,0,0.2
8,0.8556052396860654,1,0.2
9,0.6276282084724674,0,0.2
10,0.7213161012226291,1,0.2
11,0.23481363951183065,0,0.2
12,0.20614529437952692,1,0.2
13,0.4074872664021423,0,0.2
14,0.8475691528200786,1,0.2
15,0.10530316992506525,0,0.2
16,0.5473289158571337,1,0.2
17,0.14204242557164146,0,0.2
18,0.6750147475706405,1,0.2
19,0.21795693108899483,0,0.2
20,0.08994106480663897,0,0.2
21,0.16354584045106396,0,0.2
22,0.1578949692098063,0,0.2
23,0.5049636075504814,0,0.2
24,0.4133229869855589,0,0.2
25,0.4508525679666603,1,0.2
26,0.4167946325378109,1,0.2
27,0.9414098659238317,1,0.2
28,0.5322362326993569,0,0.2
29,0.6767013933721887,1,0.2
30,0.521972334516671,0,0.2
31,0.6070366479449851,0,0.2
32,0.765076345758134,1,0.2
33,0.3440022475675142,1,0.2
34,0.41960898265345675,0,0.2
35,0.41264822072962826,1,0.2
36,0.7467690653414084,1,0.2
37,0.7936539627470964,1,0.2
38,0.4128539754850119,1,0.2
39,0.4264402829130298,0,0.2
40,0.723497007262901,0,0.2
41,0.14954739957203955,0,0.2
42,0.2659479327924149,0,0.2
43,0.24767348351482749,0,0.2
44,0.34328566770649815,1,0.2
45,0.5952807268515352,1,0.2
46,0.9621546765125492,1,0.2
47,0.4613146598673647,1,0.2
48,0.9064983709556926,1,0.2
49,0.03138892152930716,0,0.2
50,0.09057341246487026,0,0.2
51,0.8275274365096863,0,0.2
52,0.7338582649627081,0,0.2
53,0.357249778753413,1,0.2
54,0.6827350902941305,1,0.2
55,0.155528625590851,0,0.2
56,0.9102906353932589,1,0.2
57,0.3563716417791378,0,0.2
58,0.5144587204497904,1,0.2
59,0.10173283990072304,0,0.2
60,0.761190310957314,1,0.2
61,0.18501498684369022,0,0.2
62,0.9330302949614645,1,0.2
63,0.29515326731534175,1,0.2
64,0.31966201791776366,0,0.2
65,0.32896719882266834,0,0.2
66,0.5907854942870334,0,0.2
67,0.47602914299281995,0,0.2
68,0.3942482206871557,0,0.2
69,0.16853609217810356,1,0.2
70,0.8921344064356179,1,0.2
71,0.21393566998634456,0,0.2
72,0.8655656885591865,1,0.2
73,0.6787383762986793,1,0.2
74,0.13395014813356576,0,0.2
75,0.6045940837990591,1,0.2
76,0.6926388170237172,1,0.2
77,0.706445068266478,1,0.2
78,0.4864681700248821,0,0.2
79,0.1134233564088356,0,0.2
80,0.1222673555467357,1,0.2
81,0.37362323679643333,1,0.2
82,0.7143585585498886,0,0.2
83,0.4907095999781036,0,0.2
84,0.469313930282358,1,0.2
85,0.6203083015889519,1,0.2
86,0.55214239071473,0,0.2
87,0.33692685834844677,0,0.2
88,0.23560739993584534,0,0.2
89,0.698639120706351,1,0.2
90,0.5813200352390725,0,0.2
91,0.8747349363893897,1,0.2
92,0.17932151193097312,0,0.2
93,0.38899265764453805,0,0.2
94,0.411757728093166,1,0.2
95,0.5642103857035672,0,0.2
96,0.18373933497730158,0,0.2
97,0.09293222625560582,0,0.2
98,0.6123743317007706,0,0.2
99,0.3112100855256371,0,0.2
100,0.019597203086242004,0,0.2
101,0.338432592099873,0,0.2
102,0.23415552528492037,0,0.2
103,0.862712903840755,0,0.2
104,0.3949970155107524,0,0.2
105,0.5697950362821782,1,0.2
106,0.3870268179653735,0,0.2
107,0.8676234426824312,1,0.2
108,0.6025102373549063,0,0.2
109,0.8279128666739991,1,0.2
110,0.41267378959230305,0,0.2
111,0.4536851208154663,1,0.2
112,0.7225120806012328,1,0.2
113,0.8607312536426766,1,0.2
114,0.6062614400079659,0,0.2
115,0.8979580259209116,1,0.2
116,0.8456999213364178,1,0.2
117,0.5606046985552728,0,0.2
118,0.4205127916892126,0,0.2
119,0.17120613007510266,0,0.2
120,0.7316268644235,1,0.2
121,0.5062678626792361,1,0.2
122,0.7487896970762047,1,0.2
123,0.7143250383879387,1,0.2
124,0.5118926277734125,0,0.2
125,0.32574698721365036,0,0.2
126,0.10494837187178635,0,0.2
127,0.8976951510050931,0,0.2
128,0.29132709648359595,0,0.2
129,0.12364104665617653,0,0.2
130,0.06661757275067125,0,0.2
131,0.7702571816073996,0,0.2
132,0.8029069569559717,1,0.2
133,0.15105260558617906,1,0.2
134,0.6482025480779325,0,0.2
135,0.9506120653646195,1,0.2
136,0.25851093381349927,0,0.2
137,0.09619273669343259,1,0.2
138,0.11402579261833687,0,0.2
139,0.6225650565353733,0,0.2
140,0.26663718617545923,0,0.2
141,0.7888880342596487,1,0.2
142,0.49599868980189066,0,0.2
143,0.7974903413854153,0,0.2
144,0.27128073200050307,0,0.2
145,0.615689610718517,0,0.2
146,0.9205304357450348,1,0.2
147,0.7818865747976442,1,0.2
148,0.7156028126894535,1,0.2
149,0.09645482936049965,0,0.2
150,0.7239611535198249,0,0.2
151,0.4137459678798512,0,0.2
152,0.3795988236865282,1,0.2
153,0.428188466037825,1,0.2
154,0.11100158847594595,0,0.2
155,0.7079388944070049,1,0.2
156,0.6229410910488773,1,0.2
157,0.1376209565344716,0,0.2
158,0.21209362606581583,1,0.2
159,0.3979080426518267,1,0.2
160,0.06394209925500724,0,0.2
161,0.5261965612745614,1,0.2
162,0.3784004256037948,0,0.2
163,0.8806542737622786,1,0.2
164,0.13747531213518055,0,0.2
165,0.28936280232226264,1,0.2
166,0.5484609671508762,0,0.2
167,0.06900527690852026,0,0.2
168,0.4680905262102556,0,0.2
169,0.9277407075318986,1,0.2
170,0.36493016891457014,0,0.2
171,0.8275360849667966,1,0.2
172,0.37542331268682094,0,0.2
173,0.27658122857483775,0,0.2
174,0.7510383234732741,1,0.2
175,0.2847124134138542,0,0.2
176,0.5502682224192621,0,0.2
177,0.13023171028477537,0,0.2
178,0.8349435951044573,0,0.2
179,0.9684517940033488,1,0.2
180,0.08428321262245805,0,0.2
181,0.03909661423448225,0,0.2
182,0.33294375043547314,0,0.2
183,0.4961709250721798,1,0.2
184,0.7191725554056343,1,0.2
185,0.9136183317179027,1,0.2
186,0.6080700548622511,0,0.2
187,0.8057904058050982,1,0.2
188,0.5210795105808864,1,0.2
189,0.6053791237783552,1,0.2
190,0.4032750342456492,1,0.2
191,0.5260323291148924,1,0.2
192,0.847750515739194,1,0.2
193,0.9292103769482629,1,0.2
194,0.8956108007102099,1,0.2
195,0.49306229862824236,1,0.2
196,0.5944111086705903,0,0.2
197,0.6722668681440542,1,0.2
198,0.11466190632373989,0,0.2
199,0.6315423012616023,1,0.2
200,0.941101080844714,1,0.2
201,0.22214013509561595,0,0.2
202,0.3139985966281198,0,0.2
203,0.6075011031791088,1,0.2
204,0.4831563750507918,0,0.2
205,0.4349262888101626,0,0.2
206,0.7604371269945351,0,0.2
207,0.10492975801088969,0,0.2
208,0.5428891799684784,1,0.2
209,0.9647329273327219,1,0.2
210,0.6175169261131148,1,0.2
211,0.39483233815844043,0,0.2
212,0.6632613606178233,0,0.2
213,0.1728022887702677,0,0.2
214,0.8460102685383253,1,0.2
215,0.09634196629693438,0,0.2
216,0.7041395186465238,1,0.2
217,0.672486983229719,1,0.2
218,0.11472173076532724,0,0.2
219,0.23791553811348937,0,0.2
220,0.0532236371516078,0,0.2
221,0.7479281470280404,1,0.2
222,0.0654762949485175,0,0.2
223,0.6906429878544458,1,0.2
224,0.11835859184126646,1,0.2
225,0.5704793035863027,0,0.2
226,0.29046977295296034,1,0.2
227,0.8364648778400445,0,0.2
228,0.09186679229671985,0,0.2
229,0.28492382669883876,1,0.2
230,0.3586382204284715,1,0.2
231,0.8295764026169932,1,0.2
232,0.41709905164297956,1,0.2
233,0.2081301563288573,0,0.2
234,0.5504287182868114,0,0.2
235,0.47193894722137775,0,0.2
236,0.9320247444487376,1,0.2
237,0.2787131082817106,0,0.2
238,0.9291310304844076,0,0.2
239,0.8919041716443235,1,0.2
240,0.16411554756552804,0,0.2
241,0.31451726331964297,0,0.2
242,0.4902083403561353,0,0.2
243,0.34112967708886976,0,0.2
244,0.7881875035356316,1,0.2
245,0.32717463946124836,0,0.2
246,0.26891620662866833,0,0.2
247,0.387188850747163,1,0.2
248,0.4641245430733697,0,0.2
249,0.3921691557681429,1,0.2
250,0.49030718387397304,1,0.2
251,0.7660495585826625,0,0.2
252,0.24327106499971404,0,0.2
253,0.5629864677268162,1,0.2
254,0.7920576167528373,1,0.2
255,0.6337349368951195,1,0.2
256,0.21179761085807666,0,0.2
257,0.21924630704295234,0,0.2
258,0.28994746772864244,0,0.2
259,0.3134069304314916,1,0.2
260,0.7121977800841073,0,0.2
261,0.8913438294995677,1,0.2
262,0.12249523125078009,0,0.2
263,0.9588486254534407,1,0.2
264,0.5806800047269625,0,0.2
265,0.37665842549821127,0,0.2
266,0.8558142350192637,1,0.2
267,0.6909379497685184,0,0.2
268,0.6320402838647476,1,0.2
269,0.4995015282357471,1,0.2
270,0.6139546326367358,1,0.2
271,0.13542752358302326,0,0.2
272,0.4135936610733415,0,0.2
273,0.7152179962535752,0,0.2
274,0.7060089820493924,1,0.2
275,0.5704903127940013,1,0.2
276,0.18144085973230847,0,0.2
277,0.06815893894618338,0,0.2
278,0.16427976358772317,1,0.2
279,0.8301927593314948,0,0.2
280,0.8870067863248844,1,0.2
281,0.07512673627563887,0,0.2
282,0.6613152398782924,1,0.2
283,0.4960818391980425,1,0.2
284,0.25608652178987823,0,0.2
285,0.7547191209461175,0,0.2
286,0.2735455678758941,0,0.2
287,0.08131413346375767,1,0.2
288,0.18751518070149192,1,0.2
289,0.8852675231318199,1,0.2
290,0.4528409467839788,0,0.2
291,0.7591597146279128,1,0.2
292,0.6713401211448853,1,0.2
293,0.7371297990166485,1,0.2
294,0.38029673248202034,0,0.2
295,0.45422371023376806,1,0.2
296,0.6499858686673313,1,0.2
297,0.6948632554258938,1,0.2
298,0.8476511095124069,1,0.2
299,0.153505388652212,0,0.2
300,0.42123125062567895,0,0.2
301,0.5520884197452857,1,0.2
302,0.6320484526636978,1,0.2
303,0.1381703949023561,0,0.2
304,0.04817235871406848,0,0.2
305,0.7992948173102145,1,0.2
306,0.5583810614599666,0,0.2
307,0.6492546389320222,1,0.2
308,0.1958694884371861,0,0.2
309,0.07004558856430076,0,0.2
310,0.15415099260114565,0,0.2
311,0.8808666060878296,1,0.2
312,0.3227967461389717,1,0.2
313,0.2555403246820713,0,0.2
314,0.7312530046162294,0,0.2
315,0.5662387618523044,1,0.2
316,0.7600846865419401,1,0.2
317,0.7563924512875043,0,0.2
318,0.28835842036720527,0,0.2
319,0.11631603410963998,0,0.2
320,0.1126196686822139,0,0.2
321,0.7345808376029377,1,0.2
322,0.10507228921520659,1,0.2
323,0.7776222501985596,0,0.2
324,0.16438068416455703,1,0.2
325,0.28534308859688257,0,0.2
326,0.7889984363250093,1,0.2
327,0.3532239421455121,0,0.2
328,0.06742082985390434,0,0.2
329,0.7244103736508181,1,0.2
330,0.9333842621180037,1,0.2
331,0.8147793827915081,1,0.2
332,0.6948754156718229,1,0.2
333,0.8704527421862518,1,0.2
334,0.04280630994750004,0,0.2
335,0.6897774282577998,1,0.2
336,0.6775416579037834,0,0.2
337,0.31470538367875267,1,0.2
338,0.5574491946311095,0,0.2
339,0.13624104280023774,0,0.2
340,0.4182772904044729,1,0.2
341,0.11689460087013175,0,0.2
342,0.5801439181325087,0,0.2
343,0.8176949934490798,0,0.2
344,0.12983627490845912,0,0.2
345,0.8030063590102995,1,0.2
346,0.59831024524447,0,0.2
347,0.8696162757501857,0,0.2
348,0.049535391268270335,0,0.2
349,0.9735719273478494,1,0.2
350,0.22154684110021025,1,0.2
351,0.4802769832300089,1,0.2
352,0.8710045373445421,1,0.2
353,0.15019678164506342,0,0.2
354,0.438992688345741,1,0.2
355,0.7372557753954351,1,0.2
356,0.8942508882244293,1,0.2
357,0.3154219843363201,0,0.2
358,0.11460272859071174,0,0.2
359,0.15448608895348398,0,0.2
360,0.15754765747323038,0,0.2
361,0.22762065949700688,0,0.2
362,0.8004585015463843,1,0.2
363,0.8559165494474346,1,0.2
364,0.37560530238966827,0,0.2
365,0.42478647459257196,0,0.2
366,0.13535189730611583,0,0.2
367,0.40052971219154615,1,0.2
368,0.48907517452216426,0,0.2
369,0.5260070126333383,0,0.2
370,0.16103860117726806,0,0.2
371,0.7202549904111876,1,0.2
372,0.8321929328432862,1,0.2
373,0.8123467382609257,0,0.2
374,0.5096974357702423,0,0.2
375,0.10260168472274975,1,0.2
376,0.864328519267882,1,0.2
377,0.45763429762411445,0,0.2
378,0.8350035490377641,1,0.2
379,0.1378122409573228,0,0.2
380,0.1715717575622734,0,0.2
381,0.7995958905188535,0,0.2
382,0.8998983306811947,1,0.2
383,0.0912291563591062,0,0.2
384,0.15308458233052552,0,0.2
385,0.7283480641759671,1,0.2
386,0.47911762610229924,0,0.2
387,0.16488012913840364,1,0.2
388,0.7208600629982072,1,0.2
389,0.5971295991279401,1,0.2
390,0.6018904623230477,1,0.2
391,0.5940079575536497,1,0.2
392,0.23531723310632247,0,0.2
393,0.08847122418807077,0,0.2
394,0.11561338877300706,0,0.2
395,0.5694280966004055,1,0.2
396,0.746665111623428,1,0.2
397,0.1325264802211957,1,0.2
398,0.3930506524938701,0,0.2
399,0.6859493841858201,0,0.2
400,0.6011985389330352,0,0.2
401,0.6593485406277344,0,0.2
402,0.7297427093057047,0,0.2
403,0.9430296552092067,1,0.2
404,0.47507424587798475,0,0.2
405,0.1701023843804044,0,0.2
406,0.04462386904699375,1,0.2
407,0.6908022125876051,1,0.2
408,0.4829626126319788,1,0.2
409,0.7161331897164995,1,0.2
410,0.20992398480756552,1,0.2
411,0.1815033400471735,0,0.2
412,0.2404508445221218,0,0.2
413,0.039517955708435956,0,0.2
414,0.5484139769839983,1,0.2
415,0.8540969069975061,0,0.2
416,0.19174863080894033,1,0.2
417,0.37578109250532243,0,0.2
418,0.4181700329285502,1,0.2
419,0.2756909993712983,0,0.2
420,0.20663191586343638,0,0.2
421,0.09785436578438934,0,0.2
422,0.9021001939883433,1,0.2
423,0.743839545187456,0,0.2
424,0.652152702014477,1,0.2
425,0.32201380199257496,0,0.2
426,0.07384652776574069,0,0.2
427,0.16560810497496237,1,0.2
428,0.02971023125501382,0,0.2
429,0.2955506737592194,0,0.2
430,0.9563474371665593,1,0.2
431,0.21187585377032808,0,0.2
432,0.10389301733052587,1,0.2
433,0.5272772116385217,1,0.2
434,0.19940394277989662,1,0.2
435,0.5023532886070718,0,0.2
436,0.7503345782818169,1,0.2
437,0.2521108325739035,0,0.2
438,0.7675369693431282,0,0.2
439,0.105107402961999,0,0.2
440,0.5508591053233127,1,0.2
441,0.2067649333062736,0,0.2
442,0.07843827609376793,0,0.2
443,0.10949564993912912,0,0.2
444,0.0765202076567553,0,0.2
445,0.705360766575301,1,0.2
446,0.18951902105177698,0,0.2
447,0.728263312235416,1,0.2
448,0.9605476515845133,1,0.2
449,0.2697191892233892,0,0.2
450,0.7828124579988854,0,0.2
451,0.063758278807172,0,0.2
452,0.2658865933335331,0,0.2
453,0.6619626272430386,0,0.2
454,0.5366563684511434,0,0.2
455,0.7889376287880094,1,0.2
456,0.2444963522488295,0,0.2
457,0.47821959233532463,0,0.2
458,0.41957715100359017,0,0.2
459,0.28222878309475463,1,0.2
460,0.10869772231028094,0,0.2
461,0.18307871898373268,0,0.2
462,0.16335932004617443,0,0.2
463,0.6328726423998386,0,0.2
464,0.4060768914430319,0,0.2
465,0.346602228279113,0,0.2
466,0.3309905349302504,1,0.2
467,0.18671814746609525,0,0.2
468,0.8879698834070535,0,0.2
469,0.7512870409795944,1,0.2
470,0.7473144589641554,1,0.2
471,0.41366354483770434,1,0.2
472,0.4701752327667338,0,0.2
473,0.8443396461774832,1,0.2
474,0.35669087924233506,1,0.2
475,0.3952226053691703,0,0.2
476,0.7885629067957826,1,0.2
477,0.22695514613602388,0,0.2
478,0.06464425769035408,0,0.2
479,0.6346130132336908,1,0.2
480,0.6457781851636489,1,0.2
481,0.286222229261906,0,0.2
482,0.26294362831581825,0,0.2
483,0.22865953524843347,0,0.2
484,0.634069956703913,0,0.2
485,0.38441954015157753,1,0.2
486,0.8082839886932509,1,0.2
487,0.4548652319080828,0,0.2
488,0.8227671116438804,1,0.2
489,0.5676257488923594,1,0.2
490,0.5142678970414427,1,0.2
491,0.4330611766396927,1,0.2
492,0.7378705544313038,1,0.2
493,0.5109404412894714,1,0.2
494,0.04438243676550514,0,0.2
495,0.5390864796613256,1,0.2
496,0.06531158951630456,0,0.2
497,0.7669672700598087,1,0.2
498,0.5667669346279438,1,0.2
499,0.7705935245676646,1,0.2
500,0.8564180499397265,0,0.2
501,0.2595365944415534,1,0.2
502,0.045091086072542724,1,0.2
503,0.1922349520152366,0,0.2
504,0.3364398433752599,0,0.2
505,0.46783084220972826,0,0.2
506,0.32421697485587836,0,0.2
507,0.6609208707782133,1,0.2
508,0.3842320340964409,0,0.2
509,0.5357404456246428,1,0.2
510,0.5165320062727848,1,0.2
511,0.7181381622257654,0,0.2
512,0.2803354985194163,0,0.2
513,0.11103260653421243,1,0.2
514,0.6648378961624335,1,0.2
515,0.9816933936731556,1,0.2
516,0.5859011553414488,0,0.2
517,0.6338194514797842,0,0.2
518,0.8061926577292635,1,0.2
519,0.7749358598958482,1,0.2
520,0.5693581560461273,1,0.2
521,0.3931717356674096,0,0.2
522,0.239365083684572,0,0.2
523,0.8899305072027257,1,0.2
524,0.419129288310689,0,0.2
525,0.3424876352662436,1,0.2
526,0.559705991875797,0,0.2
527,0.3819176572150279,1,0.2
528,0.04733873152034798,0,0.2
529,0.7134467472184286,1,0.2
530,0.3631845001187999,0,0.2
531,0.8684290381665078,1,0.2
532,0.8635955774689961,1,0.2
533,0.19883209133048863,0,0.2
534,0.9034281135646738,1,0.2
535,0.7957794632779818,1,0.2
536,0.41598018787937674,0,0.2
537,0.5044629077985415,0,0.2
538,0.4672970539927044,0,0.2
539,0.692925911584709,0,0.2
540,0.5163727233084154,0,0.2
541,0.09582589838140985,0,0.2
542,0.8389711907320403,1,0.2
543,0.4608354215427556,1,0.2
544,0.2855656737314112,0,0.2
545,0.3275111567160607,0,0.2
546,0.6849597891503465,0,0.2
547,0.5042279777298577,0,0.2
548,0.7988844434623115,1,0.2
549,0.08589629592338457,0,0.2
550,0.6940628036192561,0,0.2
551,0.443559605385375,1,0.2
552,0.19528448827898606,0,0.2
553,0.505292187576755,1,0.2
554,0.10733934097165904,0,0.2
555,0.0753592155513849,1,0.2
556,0.4399377887412735,1,0.2
557,0.5171356830999639,0,0.2
558,0.9552914102058526,1,0.2
559,0.5232789841969674,1,0.2
560,0.21854763985199704,0,0.2
561,0.06203165415358276,0,0.2
562,0.5315720226920622,0,0.2
563,0.624868806124392,1,0.2
564,0.47988876494587185,1,0.2
565,0.2647501564328957,0,0.2
566,0.5441230525559888,1,0.2
567,0.45149539561411656,0,0.2
568,0.8064030134350234,1,0.2
569,0.5954718613180885,1,0.2
570,0.6075449090664706,1,0.2
571,0.678830177803022,1,0.2
572,0.1513202994179039,0,0.2
573,0.7509149770377304,1,0.2
574,0.10599322839839817,0,0.2
575,0.9119546173879849,0,0.2
576,0.7065336733352299,0,0.2
577,0.05128845886580491,0,0.2
578,0.1936704151906346,0,0.2
579,0.5486648747640401,0,0.2
580,0.16093338481525582,0,0.2
581,0.7765006645738406,1,0.2
582,0.3414158790864221,1,0.2
583,0.6175715991960833,1,0.2
584,0.7951098062562485,0,0.2
585,0.572876946347153,1,0.2
586,0.5740279555813702,0,0.2
587,0.27967941143822306,0,0.2
588,0.9323691587677745,0,0.2
589,0.5810973433497371,0,0.2
590,0.9518476574063015,1,0.2
591,0.1596427822584479,0,0.2
592,0.9211966068728782,1,0.2
593,0.11257321594800271,0,0.2
594,0.41415822256227874,0,0.2
595,0.6250145860158651,1,0.2
596,0.5839308621075167,1,0.2
597,0.3620728915017042,0,0.2
598,0.42208047387710723,1,0.2
599,0.5059664320426378,0,0.2
600,0.17407620336941132,1,0.2
601,0.7496619224163981,1,0.2
602,0.23498686735297206,0,0.2
603,0.557391092480428,1,0.2
604,0.09126991246946473,0,0.2
605,0.9048075871585233,0,0.2
606,0.2939179341607927,0,0.2
607,0.13504268502716624,0,0.2
608,0.25755508209069294,1,0.2
609,0.6619602734557699,0,0.2
610,0.30496232865691364,1,0.2
611,0.7679393470403137,1,0.2
612,0.43758516309482665,1,0.2
613,0.8869192968403261,1,0.2
614,0.40627796073554456,0,0.2
615,0.8695021734340637,1,0.2
616,0.6962747247767659,1,0.2
617,0.756713475308558,1,0.2
618,0.26035312960441603,1,0.2
619,0.46752777743073937,0,0.2
620,0.8310300472899492,1,0.2
621,0.22173090408345675,0,0.2
622,0.08846302924039129,0,0.2
623,0.0885285271175339,0,0.2
624,0.49479721156281575,0,0.2
625,0.7218262875442878,1,0.2
626,0.2725947799755743,0,0.2
627,0.44551899268946193,0,0.2
628,0.6840099008678341,1,0.2
629,0.4541146730985724,1,0.2
630,0.9772043873390039,0,0.2
631,0.2438678075379997,0,0.2
632,0.33743334162496386,1,0.2
633,0.5329616154187573,0,0.2
634,0.7523097294175929,1,0.2
635,0.694073593048605,0,0.2
636,0.4553591967202836,0,0.2
637,0.7526467495460274,1,0.2
638,0.7750455762918584,1,0.2
639,0.734779154582808,0,0.2
640,0.7778589472370623,1,0.2
641,0.8979523981407005,1,0.2
642,0.9240001243733721,1,0.2
643,0.915283328624708,1,0.2
644,0.17291173407456664,0,0.2
645,0.2670890677387455,0,0.2
646,0.09490813113954541,0,0.2
647,0.37521775253330525,0,0.2
648,0.31539475718670024,0,0.2
649,0.14099300066735848,1,0.2
650,0.13403004462111867,0,0.2
651,0.3356583701820679,0,0.2
652,0.21497735853605954,0,0.2
653,0.0641763554452102,0,0.2
654,0.8316390048446114,1,0.2
655,0.8685880832938506,1,0.2
656,0.14095689685978066,0,0.2
657,0.41923054111295566,0,0.2
658,0.21801604327026525,0,0.2
659,0.4016815677169405,0,0.2
660,0.08916027918887134,0,0.2
661,0.5053021131123729,0,0.2
662,0.25528685947732377,0,0.2
663,0.15375621573793571,0,0.2
664,0.5827603632862783,0,0.2
665,0.9100776879751267,1,0.2
666,0.7050551242047662,1,0.2
667,0.7061686293782583,1,0.2
668,0.5958772767760965,0,0.2
669,0.1971351373603159,0,0.2
670,0.4584331672597286,1,0.2
671,0.23548023580233268,0,0.2
672,0.5548369338290631,1,0.2
673,0.8268076331761273,1,0.2
674,0.1554158219816346,0,0.2
675,0.29409509417348945,1,0.2
676,0.6376069351340181,0,0.2
677,0.8723884769816445,0,0.2
678,0.5140577304251803,1,0.2
679,0.574374317118783,1,0.2
680,0.24749206826610798,0,0.2
681,0.7214002322362785,1,0.2
682,0.7510766237875435,1,0.2
683,0.5012527407632602,1,0.2
684,0.11238495106903958,0,0.2
685,0.33818655726357905,1,0.2
686,0.5140267557962177,0,0.2
687,0.5612879518388949,1,0.2
688,0.7948800933621969,1,0.2
689,0.29441217253843277,0,0.2
690,0.16014583763591694,1,0.2
691,0.32318255047646105,1,0.2
692,0.8554036127980227,1,0.2
693,0.5982952810839501,0,0.2
694,0.8958258163136102,1,0.2
695,0.18252376450728763,0,0.2
696,0.28377239917738095,0,0.2
697,0.06980252699077495,1,0.2
698,0.7363636760645236,0,0.2
699,0.6611258226807506,0,0.2
700,0.8348606820886668,1,0.2
701,0.26548633511484676,1,0.2
702,0.494288700207282,0,0.2
703,0.05544610897613589,0,0.2
704,0.26378843934409907,0,0.2
705,0.8459922551206513,1,0.2
706,0.5114363084790593,0,0.2
707,0.5923575241123558,1,0.2
708,0.27896097677699166,1,0.2
709,0.06397036633682125,0,0.2
710,0.4207208241040845,0,0.2
711,0.29808115403191876,0,0.2
712,0.4516855204427839,1,0.2
713,0.3975970041502608,1,0.2
714,0.5253225817710473,0,0.2
715,0.353438383001799,0,0.2
716,0.3244568369569966,0,0.2
717,0.3599506641192113,0,0.2
718,0.31219339423712017,0,0.2
719,0.2255403135001533,0,0.2
720,0.8868110263811445,0,0.2
721,0.347468313613158,0,0.2
722,0.618919657387475,1,0.2
723,0.21504930941429695,1,0.2
724,0.14999097661803393,1,0.2
725,0.19287349491621114,1,0.2
726,0.8866586553591798,1,0.2
727,0.5530522898254024,1,0.2
728,0.2202609667555197,0,0.2
729,0.13998816365399108,0,0.2
730,0.6170534423876983,1,0.2
731,0.12037823634955985,0,0.2
732,0.3538006021106619,0,0.2
733,0.9148758905528043,1,0.2
734,0.1514393757949904,0,0.2
735,0.384693242183316,0,0.2
736,0.28938548356054167,0,0.2
737,0.4737394848208252,1,0.2
738,0.054016451195801896,1,0.2
739,0.16037832304534444,1,0.2
740,0.864744756049904,0,0.2
741,0.5157194240332595,1,0.2
742,0.5801209299950997,1,0.2
743,0.580952275761707,1,0.2
744,0.7876525275867237,0,0.2
745,0.18125271595793813,0,0.2
746,0.2954646902063367,0,0.2
747,0.8569619947866821,0,0.2
748,0.8668056982561447,1,0.2
749,0.7085247794368057,1,0.2
750,0.8855603694744367,0,0.2
751,0.8886928016237926,1,0.2
752,0.8705134327939403,1,0.2
753,0.4848286539099096,0,0.2
754,0.1419046739819677,1,0.2
755,0.05934331086039593,0,0.2
756,0.7964937902524465,1,0.2
757,0.7120478066898523,1,0.2
758,0.40334882524110605,0,0.2
759,0.2257514960265382,0,0.2
760,0.05014057808750141,0,0.2
761,0.8882580183817717,1,0.2
762,0.8661018278659293,1,0.2
763,0.29770327508412076,1,0.2
764,0.7343019896500453,1,0.2
765,0.5831030602235283,1,0.2
766,0.5541828397369324,1,0.2
767,0.8376441845392713,1,0.2
768,0.7916063878698333,1,0.2
769,0.4471035161891701,1,0.2
770,0.6309837551987427,1,0.2
771,0.8794514165115075,1,0.2
772,0.7718195217167958,0,0.2
773,0.6308470090581624,1,0.2
774,0.8359587692491068,1,0.2
775,0.25398130766013105,0,0.2
776,0.061022059935279635,0,0.2
777,0.797908919504077,1,0.2
778,0.5190755511978533,0,0.2
779,0.6382524975908973,1,0.2
780,0.11783092127241757,1,0.2
781,0.681761331989085,0,0.2
782,0.9242395904419094,1,0.2
783,0.6985200663140483,1,0.2
784,0.5667937582410337,0,0.2
785,0.6602293479359261,1,0.2
786,0.8934563305910592,1,0.2
787,0.5434574235120748,1,0.2
788,0.38017103399027535,1,0.2
789,0.05870140248433289,0,0.2
790,0.7589460828222583,0,0.2
791,0.1247183338914629,0,0.2
792,0.5629912436363391,0,0.2
793,0.4932990759579817,1,0.2
794,0.8780524180133268,1,0.2
795,0.7355907817373393,1,0.2
796,0.7689639935586466,1,0.2
797,0.29242829327975456,1,0.2
798,0.5355603995163212,1,0.2
799,0.4243584065363035,0,0.2
800,0.7279894661221549,1,0.2
801,0.4205061676564207,0,0.2
802,0.3634001859310301,0,0.2
803,0.5669735621733837,1,0.2
804,0.7186987644147362,1,0.2
805,0.7304273213263357,0,0.2
806,0.9292912643192085,1,0.2
807,0.8508444931825476,0,0.2
808,0.4030921520215357,0,0.2
809,0.6427296378451195,1,0.2
810,0.01853949749950498,0,0.2
811,0.7333365775203851,1,0.2
812,0.18353444116467751,0,0.2
813,0.9205842731109223,0,0.2
814,0.7310372356573781,0,0.2
815,0.6166594957716899,1,0.2
816,0.4532897125774117,1,0.2
817,0.07251774853681284,0,0.2
818,0.3257952819394281,1,0.2
819,0.41927355766464786,0,0.2
820,0.6401349195147368,0,0.2
821,0.23253136883495892,0,0.2
822,0.7457578439601915,0,0.2
823,0.8654689563678617,1,0.2
824,0.7297093048903731,1,0.2
825,0.6460621257705732,1,0.2
826,0.7989203740559028,1,0.2
827,0.9146132326678309,1,0.2
828,0.31535898047293287,0,0.2
829,0.1743449544305245,0,0.2
830,0.284206351056164,1,0.2
831,0.8885302714033485,1,0.2
832,0.9406452260373388,1,0.2
833,0.3978629569403036,1,0.2
834,0.9278910769975446,1,0.2
835,0.13825371485580934,0,0.2
836,0.45011612189779415,0,0.2
837,0.4470476338186984,1,0.2
838,0.9046101009295147,1,0.2
839,0.09876893985380056,0,0.2
840,0.9449092076175025,1,0.2
841,0.9081789925743751,0,0.2
842,0.23398806534330963,0,0.2
843,0.18783909954977893,0,0.2
844,0.7366629805050029,1,0.2
845,0.34350562724352407,1,0.2
846,0.09604335616652329,0,0.2
847,0.3538095015918146,1,0.2
848,0.7129841266383014,1,0.2
849,0.14467213931211598,1,0.2
850,0.6354168477633517,1,0.2
851,0.9117348009524842,1,0.2
852,0.418566137387811,0,0.2
853,0.31729770635197835,0,0.2
854,0.22416358263927103,0,0.2
855,0.8910396128538627,1,0.2
856,0.6486788408086526,0,0.2
857,0.3988738548332465,1,0.2
858,0.6668542544630784,1,0.2
859,0.1600380332020561,0,0.2
860,0.3656079516958347,0,0.2
861,0.08289448019265369,0,0.2
862,0.9804761754383093,1,0.2
863,0.5830728358016921,0,0.2
864,0.24219879984004694,0,0.2
865,0.1078269004352409,0,0.2
866,0.6713584533160137,0,0.2
867,0.8585539728995174,1,0.2
868,0.18172570927606702,0,0.2
869,0.7500208814027215,1,0.2
870,0.8799126712261904,1,0.2
871,0.36159793691751385,1,0.2
872,0.8563176802145658,1,0.2
873,0.5231189616830777,1,0.2
874,0.7049791057490753,1,0.2
875,0.3637730729757929,1,0.2
876,0.15750993704066535,0,0.2
877,0.1566380352597842,1,0.2
878,0.6341233436892818,0,0.2
879,0.6237024315191927,0,0.2
880,0.22596137241724798,0,0.2
881,0.9119173306070517,1,0.2
882,0.6108791429374786,0,0.2
883,0.4739590512884425,1,0.2
884,0.7440334253620086,1,0.2
885,0.032913618978557824,0,0.2
886,0.809663261851628,1,0.2
887,0.6974527689100554,1,0.2
888,0.6812523962910351,1,0.2
889,0.03980343588135506,0,0.2
890,0.16058284403413123,0,0.2
891,0.854212737609982,1,0.2
892,0.7229414602829551,1,0.2
893,0.2851545529966356,1,0.2
894,0.610543569458331,0,0.2
895,0.28230552840226125,1,0.2
896,0.2157814358397659,1,0.2
897,0.7872699229217441,0,0.2
898,0.5884874266529948,1,0.2
899,0.677615757560412,1,0.2
900,0.4870875437591937,0,0.2
901,0.626404719889725,0,0.2
902,0.19118940086273256,1,0.2
903,0.5514488211637993,1,0.2
904,0.07613083432797388,0,0.2
905,0.8782369950745418,0,0.2
906,0.3625151599605877,1,0.2
907,0.9085626909367563,1,0.2
908,0.5259565490596896,1,0.2
909,0.2806116464389833,1,0.2
910,0.9429205971202745,1,0.2
911,0.5195165007337971,0,0.2
912,0.37243479035968263,0,0.2
913,0.618746146653478,0,0.2
914,0.6197785150630765,1,0.2
915,0.5780075844228834,1,0.2
916,0.1480630735766201,0,0.2
917,0.16848676413278096,0,0.2
918,0.3082440117919715,1,0.2
919,0.35048572820429913,0,0.2
920,0.5572450399988418,1,0.2
921,0.6645167409089967,0,0.2
922,0.6149815609977567,1,0.2
923,0.30758077696775427,0,0.2
924,0.7839195715164287,1,0.2
925,0.8189245624482615,1,0.2
926,0.7357815788706101,1,0.2
927,0.1382926438443062,0,0.2
928,0.4820223320043846,0,0.2
929,0.1358950485552454,0,0.2
930,0.8213520735656485,1,0.2
931,0.16220054979936915,0,0.2
932,0.10749182694940906,0,0.2
933,0.3220999586777524,0,0.2
934,0.8498537609926421,1,0.2
935,0.7028778191308053,1,0.2
936,0.0671139503692517,0,0.2
937,0.1848115278743006,0,0.2
938,0.25886447296187093,1,0.2
939,0.6659319121101763,0,0.2
940,0.14514985553488208,0,0.2
941,0.7828039405023808,1,0.2
942,0.424343111235036,1,0.2
943,0.6039019310666963,1,0.2
944,0.3549390737281207,0,0.2
945,0.6385804072316743,0,0.2
946,0.5609520331216382,1,0.2
947,0.8881029947941219,1,0.2
948,0.11670830208982239,0,0.2
949,0.3034241655299649,1,0.2
950,0.2622567325087385,0,0.2
951,0.07885235133155907,0,0.2
952,0.3031657035921364,0,0.2
953,0.326125175863602,1,0.2
954,0.5742714767308,1,0.2
955,0.6108806413853611,0,0.2
956,0.7265281251923835,1,0.2
957,0.4494855106517779,1,0.2
958,0.15832113054401403,1,0.2
959,0.27533806421861673,1,0.2
960,0.7700232610583361,1,0.2
961,0.11793559433299854,1,0.2
962,0.3610439535240542,1,0.2
963,0.578499858151637,0,0.2
964,0.7028194342080148,1,0.2
965,0.6962779200982696,0,0.2
966,0.3297857275192978,0,0.2
967,0.1740690613820362,0,0.2
968,0.9289284874129768,1,0.2
969,0.20033552493401777,0,0.2
970,0.6808818128463527,1,0.2
971,0.7715270422595004,1,0.2
972,0.6619193834896513,0,0.2
973,0.5695727500604371,1,0.2
974,0.484323889489526,0,0.2
975,0.4050010072200475,0,0.2
976,0.061332576803621745,0,0.2
977,0.5557273309495868,1,0.2
978,0.7048218961599514,0,0.2
979,0.5379379767164804,1,0.2
980,0.2753815308970281,0,0.2
981,0.6812870859063751,1,0.2
982,0.8997243076719332,0,0.2
983,0.24643087577072964,0,0.2
984,0.036368335570045665,0,0.2
985,0.3909197572478227,0,0.2
986,0.24483713970556645,0,0.2
987,0.1887062688417851,0,0.2
988,0.09124165580052337,0,0.2
989,0.6899585718079364,1,0.2
990,0.806905293846589,0,0.2
991,0.7990436415983384,0,0.2
992,0.2337754470924413,1,0.2
993,0.4996515187242886,1,0.2
994,0.2541114367638543,0,0.2
995,0.9440866403037591,1,0.2
996,0.8539388565776516,1,0.2
997,0.32656045629601077,1,0.2
998,0.8729497342623707,1,0.2
999,0.12025505752439312,0,0.2
1000,0.49873369201286416,0,0.2
1001,0.7223985572216742,0,0.2
1002,0.11173540798787068,0,0.2
1003,0.3749586009297904,0,0.2
1004,0.5218930831230139,1,0.2
1005,0.47496758651654736,1,0.2
1006,0.6066602189467224,1,0.2
1007,0.908872254689628,1,0.2
1008,0.16530421347210758,0,0.2
1009,0.29028717703304263,0,0.2
1010,0.25577598564017573,1,0.2
1011,0.624991615953123,1,0.2
1012,0.1870310636499495,1,0.2
1013,0.8498263710992044,0,0.2
1014,0.4209119021136236,0,0.2
1015,0.24401205126611714,0,0.2
1016,0.040586865699313225,0,0.2
1017,0.6961183349208971,0,0.2
1018,0.4856253155117517,1,0.2
1019,0.8146046929534609,1,0.2
1020,0.6172079079359043,1,0.2
1021,0.07889216300394386,0,0.2
1022,0.18006348419181054,0,0.2
1023,0.18529967082432086,0,0.2
1024,0.9273855070849895,1,0.2
1025,0.02682030773722234,0,0.2
1026,0.5576521657631817,0,0.2
1027,0.29844269572748006,0,0.2
1028,0.48204636107340115,1,0.2
1029,0.17451442382106647,0,0.2
1030,0.8108812385596451,1,0.2
1031,0.5711017831387524,1,0.2
1032,0.8505758116677113,1,0.2
1033,0.3701999949976361,1,0.2
1034,0.28213852326876376,1,0.2
1035,0.15723158653627434,0,0.2
1036,0.36492375674185334,1,0.2
1037,0.5403042067686711,1,0.2
1038,0.3862815672517226,0,0.2
1039,0.5897633699055411,1,0.2
1040,0.4698564671421158,1,0.2
1041,0.3260824684071304,1,0.2
1042,0.8525149983205704,1,0.2
1043,0.7194041737744854,0,0.2
1044,0.6506553405651672,0,0.2
1045,0.6505582912019949,0,0.2
1046,0.595835648179172,0,0.2
1047,0.8769654928904524,0,0.2
1048,0.24719417629925824,0,0.2
1049,0.3415713320425008,0,0.2
1050,0.28153334902575744,0,0.2
1051,0.15466951373245874,0,0.2
1052,0.7949687945860785,1,0.2
1053,0.04823540171437972,0,0.2
1054,0.788112322811182,0,0.2
1055,0.741489099986319,1,0.2
1056,0.6142688778209755,1,0.2
1057,0.2941196492033056,0,0.2
1058,0.15676718507805854,0,0.2
1059,0.40129969283631495,0,0.2
1060,0.927464447459341,1,0.2
1061,0.40697289061026753,1,0.2
1062,0.20560453641057894,0,0.2
1063,0.7866708057640854,1,0.2
1064,0.4362553126789793,0,0.2
1065,0.723762610239275,1,0.2
1066,0.5852664725693836,0,0.2
1067,0.8935780198690105,1,0.2
1068,0.8689208057079518,0,0.2
1069,0.3948601746833722,0,0.2
1070,0.5140204052873274,0,0.2
1071,0.9317964221550967,1,0.2
1072,0.7609100947045908,1,0.2
1073,0.6067408541500152,0,0.2
1074,0.6816878905348231,1,0.2
1075,0.3007408399979386,0,0.2
1076,0.6729146182790142,0,0.2
1077,0.5751855831654185,1,0.2
1078,0.6454403234705899,1,0.2
1079,0.46537249461434016,1,0.2
1080,0.3072037234486573,0,0.2
1081,0.5305395136004454,0,0.2
1082,0.1150978660344168,0,0.2
1083,0.6221168962499166,0,0.2
1084,0.7035277367144942,0,0.2
1085,0.46029536088014167,0,0.2
1086,0.2635183707007845,0,0.2
1087,0.25537520843067646,0,0.2
1088,0.3000869531255983,0,0.2
1089,0.1534981056017661,0,0.2
1090,0.22840647751427737,0,0.2
1091,0.13381686048042116,0,0.2
1092,0.2861316674540475,0,0.2
1093,0.49381557938419357,1,0.2
1094,0.4099439730178692,1,0.2
1095,0.6406615097770962,1,0.2
1096,0.6060397514349578,0,0.2
1097,0.2917427782315692,0,0.2
1098,0.744540071902122,1,0.2
1099,0.8011860134388284,1,0.2
1100,0.9230959692560772,1,0.2
1101,0.3243462794355344,0,0.2
1102,0.1256557542701319,0,0.2
1103,0.843695278596264,1,0.2
1104,0.6462839826243012,1,0.2
1105,0.6220701156824195,1,0.2
1106,0.8427180079346713,1,0.2
1107,0.575208998696894,1,0.2
1108,0.5366054105212948,0,0.2
1109,0.3710096312113641,0,0.2
1110,0.7817262198836765,1,0.2
1111,0.3517575842537988,1,0.2
1112,0.6498943591275717,0,0.2
1113,0.21189630745068821,1,0.2
1114,0.41826813828902143,1,0.2
1115,0.5288150425228235,0,0.2
1116,0.33077334196296065,0,0.2
1117,0.21234508650478223,1,0.2
1118,0.6476098623605677,1,0.2
1119,0.27420448585504925,1,0.2
1120,0.4590749435208885,0,0.2
1121,0.8047038230975436,1,0.2
1122,0.16421437153474744,0,0.2
1123,0.225232030441887,0,0.2
1124,0.7279216615097497,1,0.2
1125,0.210146231369043,0,0.2
1126,0.6510951901369809,1,0.2
1127,0.6329425095514501,0,0.2
1128,0.24068196841307338,0,0.2
1129,0.19948753521272156,1,0.2
1130,0.19839390997344863,0,0.2
1131,0.5389663810225687,0,0.2
1132,0.4868521105106086,0,0.2
1133,0.6126478132842013,0,0.2
1134,0.33205247616438005,1,0.2
1135,0.14201401046352893,0,0.2
1136,0.3776390517169912,0,0.2
1137,0.6381713690740266,1,0.2
1138,0.024949732307887766,0,0.2
1139,0.6707412238041168,1,0.2
1140,0.5076485929570687,0,0.2
1141,0.7484193425955769,1,0.2
1142,0.7611519430393555,1,0.2
1143,0.948161542506875,1,0.2
1144,0.21497707613580622,0,0.2
1145,0.556480609157046,0,0.2
1146,0.20963579113715758,0,0.2
1147,0.7912899647966352,1,0.2
1148,0.7086934002978664,1,0.2
1149,0.8089128881520997,1,0.2
1150,0.5495660024711295,0,0.2
1151,0.16721319384938965,0,0.2
1152,0.5259238256885349,0,0.2
1153,0.897029450016568,1,0.2
1154,0.18700149325877682,0,0.2
1155,0.641393365059225,0,0.2
1156,0.6677688528426167,0,0.2
1157,0.7012420279665681,1,0.2
1158,0.25342010004359883,0,0.2
1159,0.45383929647827415,0,0.2
1160,0.7533642365193585,1,0.2
1161,0.1824810510012633,0,0.2
1162,0.7317030353007727,1,0.2
1163,0.9451791898682247,1,0.2
1164,0.04864550508244743,0,0.2
1165,0.30437618961541035,0,0.2
1166,0.646336740146018,0,0.2
1167,0.7122914235329239,0,0.2
1168,0.8237819197304364,1,0.2
1169,0.5924652470722214,0,0.2
1170,0.18842887634034716,1,0.2
1171,0.7453416886324468,1,0.2
1172,0.5257171131392847,1,0.2
1173,0.3996713181900199,1,0.2
1174,0.8588268780547172,0,0.2
1175,0.1233690725090135,0,0.2
1176,0.7784299187932866,1,0.2
1177,0.6349708141999744,1,0.2
1178,0.0336746871320721,0,0.2
1179,0.3233807943410744,1,0.2
1180,0.5025822086357068,1,0.2
1181,0.6766728865635014,0,0.2
1182,0.25999113396066553,0,0.2
1183,0.315706905756236,1,0.2
1184,0.8031307734764412,1,0.2
1185,0.38162585737286503,0,0.2
1186,0.08177179901332851,0,0.2
1187,0.8670638622283589,1,0.2
1188,0.5617882620213779,1,0.2
1189,0.28349349989209444,1,0.2
1190,0.5825483245134049,1,0.2
1191,0.37385022240281773,1,0.2
1192,0.7617354520067898,1,0.2
1193,0.3731033134965506,0,0.2
1194,0.4368412871787801,1,0.2
1195,0.2050045220059439,0,0.2
1196,0.7138538930696121,0,0.2
1197,0.951746048665044,1,0.2
1198,0.6434743402763037,0,0.2
1199,0.3060952617572271,1,0.2
1200,0.8645410667876231,1,0.2
1201,0.938573505421183,1,0.2
1202,0.7715978665775173,0,0.2
1203,0.9053737585485235,1,0.2
1204,0.9018136635002689,1,0.2
1205,0.27959543729975705,0,0.2
1206,0.346252543861199,1,0.2
1207,0.4530068647947638,1,0.2
1208,0.9479780543453928,1,0.2
1209,0.31317859614425786,0,0.2
1210,0.5167915508378313,0,0.2
1211,0.26597104326892096,0,0.2
1212,0.5031058765815497,1,0.2
1213,0.03749983998229066,0,0.2
1214,0.504334353930707,1,0.2
1215,0.1415690833257747,1,0.2
1216,0.7878502466187401,1,0.2
1217,0.6079927331675821,1,0.2
1218,0.6510515395666693,1,0.2
1219,0.757812283711629,1,0.2
1220,0.5419713112021459,1,0.2
1221,0.7306337935630107,1,0.2
1222,0.6729987113427063,1,0.2
1223,0.08103326826204281,0,0.2
1224,0.8703025562404867,1,0.2
1225,0.6088156816348779,1,0.2
1226,0.9716039480238496,1,0.2
1227,0.5384299491533862,1,0.2
1228,0.8181146386731536,1,0.2
1229,0.7377133635261075,0,0.2
1230,0.30281246156514147,1,0.2
1231,0.5015872842226008,0,0.2
1232,0.6823844806243307,1,0.2
1233,0.5827915665287192,0,0.2
1234,0.656111440490375,1,0.2
1235,0.5551380984676386,0,0.2
1236,0.8615417273171793,1,0.2
1237,0.8935014232021603,1,0.2
1238,0.5410153781703548,0,0.2
1239,0.1933335442598398,0,0.2
1240,0.057079366513642156,0,0.2
1241,0.45970653578538756,0,0.2
1242,0.0924062335860803,0,0.2
1243,0.2579434092245979,1,0.2
1244,0.7973399872831115,1,0.2
1245,0.2105111404079535,0,0.2
1246,0.2545038948258226,0,0.2
1247,0.22613996562316943,0,0.2
1248,0.5726733139553374,1,0.2
1249,0.1818719951258478,1,0.2
1250,0.8082920289405583,1,0.2
1251,0.270430869804149,0,0.2
1252,0.6032832788559297,1,0.2
1253,0.8283340089323967,1,0.2
1254,0.8808421486411233,1,0.2
1255,0.8622120432670599,1,0.2
1256,0.7077210221612988,1,0.2
1257,0.20803696191529533,0,0.2
1258,0.6279636841178972,0,0.2
1259,0.2038202345792382,1,0.2
1260,0.48824702300298073,0,0.2
1261,0.713979895898216,1,0.2
1262,0.5615199857114181,1,0.2
1263,0.44936345774217523,0,0.2
1264,0.2512005158443512,0,0.2
1265,0.48625799423327914,1,0.2
1266,0.5307793731861439,1,0.2
1267,0.4506389797885849,0,0.2
1268,0.08356675865617123,0,0.2
1269,0.47058247896675853,0,0.2
1270,0.5729484267477547,1,0.2
1271,0.6823793711152426,1,0.2
1272,0.546566864913,1,0.2
1273,0.8388592123762392,1,0.2
1274,0.27134623463177526,0,0.2
1275,0.6748881047915138,1,0.2
1276,0.6835983334908868,1,0.2
1277,0.7936519854694588,1,0.2
1278,0.06440676044116048,0,0.2
1279,0.3185245366810343,0,0.2
1280,0.4856783337049487,1,0.2
1281,0.7627272458326968,1,0.2
1282,0.3856392271589461,0,0.2
1283,0.7055095095360049,1,0.2
1284,0.03931008060204008,0,0.2
1285,0.16975301706177387,0,0.2
1286,0.8895617747598474,1,0.2
1287,0.35048375062443937,0,0.2
1288,0.5854501563184302,1,0.2
1289,0.6980302947439617,1,0.2
1290,0.13664640805918782,0,0.2
1291,0.3359921927702622,1,0.2
1292,0.33859548149005125,1,0.2
1293,0.3417121144845931,0,0.2
1294,0.4724491968205765,0,0.2
1295,0.6384089713429634,0,0.2
1296,0.16011801628098676,0,0.2
1297,0.7927301290648856,1,0.2
1298,0.5760057842822114,0,0.2
1299,0.6382803485133014,1,0.2
1300,0.41329836618907734,1,0.2
1301,0.8621836757583519,1,0.2
1302,0.22478300326000605,1,0.2
1303,0.6393497850938983,1,0.2
1304,0.34939661121039073,1,0.2
1305,0.29659560435108545,1,0.2
1306,0.2400784922279029,0,0.2
1307,0.4754292037835429,1,0.2
1308,0.5460863211300961,1,0.2
1309,0.32229311748217554,1,0.2
1310,0.37143953917068634,1,0.2
1311,0.8798726505080695,0,0.2
1312,0.2503794208656631,1,0.2
1313,0.48000790076712335,1,0.2
1314,0.5716745123466191,1,0.2
1315,0.5093582607235775,0,0.2
1316,0.1897349442152731,0,0.2
1317,0.08748164393873208,0,0.2
1318,0.12885772815339822,0,0.2
1319,0.3561505444358235,0,0.2
1320,0.11468481695687864,0,0.2
1321,0.39468008615283556,1,0.2
1322,0.04237365620943226,0,0.2
1323,0.2315723760822101,0,0.2
1324,0.04181312279326392,0,0.2
1325,0.5975472321440409,0,0.2
1326,0.11534717824597616,1,0.2
1327,0.8988445610796132,1,0.2
1328,0.7935410950416637,1,0.2
1329,0.6693490138516083,1,0.2
1330,0.25865964701739613,0,0.2
1331,0.788757534346284,1,0.2
1332,0.11359454938870336,0,0.2
1333,0.6734521889636629,1,0.2
1334,0.2585829486366921,0,0.2
1335,0.07032017543571907,0,0.2
1336,0.7927694415912979,0,0.2
1337,0.4359041390585771,1,0.2
1338,0.5982239561563963,1,0.2
1339,0.196801090398594,0,0.2
1340,0.05125457969869386,0,0.2
1341,0.45291762389626755,0,0.2
1342,0.3783891053859827,1,0.2
1343,0.8302923337901196,1,0.2
1344,0.08514458877274605,0,0.2
1345,0.14493037406668757,0,0.2
1346,0.8617405351596739,1,0.2
1347,0.11159245850802625,0,0.2
1348,0.5706336536454213,0,0.2
1349,0.46100378753946025,1,0.2
1350,0.4261201751907008,1,0.2
1351,0.8260516969513814,1,0.2
1352,0.7539443876447822,1,0.2
1353,0.44864524730876876,0,0.2
1354,0.6993970888920511,1,0.2
1355,0.09001440635751362,0,0.2
1356,0.5723586126636457,1,0.2
1357,0.41430709433356344,1,0.2
1358,0.448786016442584,1,0.2
1359,0.42821434165425026,1,0.2
1360,0.24719254093918486,0,0.2
1361,0.07605401716556737,0,0.2
1362,0.4788460274482623,1,0.2
1363,0.9649393575312224,1,0.2
1364,0.43809953109336364,1,0.2
1365,0.36804188078925126,0,0.2
1366,0.5362930025855197,1,0.2
1367,0.905010743002402,1,0.2
1368,0.7320305995326198,0,0.2
1369,0.815319486003374,1,0.2
1370,0.5734470338780109,1,0.2
1371,0.5734959202209023,1,0.2
1372,0.9417136707342102,1,0.2
1373,0.9284163237506742,1,0.2
1374,0.4854708576853843,0,0.2
1375,0.7301320328172306,1,0.2
1376,0.052084745479420366,0,0.2
1377,0.24094752699018518,0,0.2
1378,0.800478484977702,1,0.2
1379,0.12422113183492951,0,0.2
1380,0.8655518978127479,1,0.2
1381,0.8904498063307777,1,0.2
1382,0.8199201127794651,0,0.2
1383,0.6150548145040662,1,0.2
1384,0.6246059569618385,1,0.2
1385,0.19194262913801802,0,0.2
1386,0.8851024431059946,1,0.2
1387,0.7434639729852432,1,0.2
1388,0.22914867659919838,0,0.2
1389,0.7163286364760558,1,0.2
1390,0.6044499840964138,1,0.2
1391,0.22881856714122537,1,0.2
1392,0.543317802300517,1,0.2
1393,0.07990472594391726,0,0.2
1394,0.8308857842560465,1,0.2
1395,0.1895573177749915,0,0.2
1396,0.15018306134904755,0,0.2
1397,0.45515444888270296,1,0.2
1398,0.5705099248025981,0,0.2
1399,0.3907693143892045,0,0.2
1400,0.697897541328089,1,0.2
1401,0.966456038349533,1,0.2
1402,0.15613596955455145,1,0.2
1403,0.5273731484905604,1,0.2
1404,0.5551411666234047,1,0.2
1405,0.2167146342817156,0,0.2
1406,0.7701932905955711,1,0.2
1407,0.4859074595621946,0,0.2
1408,0.516739658136174,0,0.2
1409,0.8812201775516209,0,0.2
1410,0.27853700335592485,1,0.2
1411,0.0930180054048779,0,0.2
1412,0.820209273340861,0,0.2
1413,0.14326774544417736,0,0.2
1414,0.1878583833709955,0,0.2
1415,0.35505129566709653,0,0.2
1416,0.28993355231993484,1,0.2
1417,0.4728393190015652,1,0.2
1418,0.4945522509843907,1,0.2
1419,0.6473021638282808,0,0.2
1420,0.4919674562001359,1,0.2
1421,0.25546817461462423,0,0.2
1422,0.39084624748162367,0,0.2
1423,0.40608346353073976,0,0.2
1424,0.04006247902263017,0,0.2
1425,0.34361107385819833,0,0.2
1426,0.2716995863218531,0,0.2
1427,0.7990655485064717,1,0.2
1428,0.41887697871474305,0,0.2
1429,0.305020613709751,0,0.2
1430,0.8867290434740358,1,0.2
1431,0.3071667853849699,1,0.2
1432,0.6819968645041092,1,0.2
1433,0.7667855668802488,1,0.2
1434,0.372220133349596,0,0.2
1435,0.5055079210377431,0,0.2
1436,0.7751759527991451,1,0.2
1437,0.5956699241223765,0,0.2
1438,0.40279754130270484,1,0.2
1439,0.5474660628687587,1,0.2
1440,0.9563423451612882,1,0.2
1441,0.6237315777000253,1,0.2
1442,0.7977784393592993,1,0.2
1443,0.40071949719555455,1,0.2
1444,0.08863946925917478,0,0.2
1445,0.4419902100237181,0,0.2
1446,0.6493600258378649,0,0.2
1447,0.9404623263487139,1,0.2
1448,0.5521045191205564,1,0.2
1449,0.2653964864078998,0,0.2
1450,0.18704764098455895,0,0.2
1451,0.5809541823782391,0,0.2
1452,0.8976027761528564,1,0.2
1453,0.4047342092112999,1,0.2
1454,0.5602460238056174,1,0.2
1455,0.6408386844956813,1,0.2
1456,0.8295110404998629,1,0.2
1457,0.6073133000550207,0,0.2
1458,0.4240933607335056,1,0.2
1459,0.6448592636196229,1,0.2
1460,0.8407894950842643,1,0.2
1461,0.41506874345459954,1,0.2
1462,0.8534772621206996,1,0.2
1463,0.6756061908411225,1,0.2
1464,0.823596049671891,0,0.2
1465,0.43277219924114274,1,0.2
1466,0.3974478037219009,0,0.2
1467,0.7897856984027887,1,0.2
1468,0.5894737695037287,0,0.2
1469,0.44880039573226616,0,0.2
1470,0.20644004983227568,1,0.2
1471,0.4707550111853448,1,0.2
1472,0.2637815607978394,0,0.2
1473,0.6866520440103638,1,0.2
1474,0.5440219877315372,1,0.2
1475,0.7184629207426201,1,0.2
1476,0.1351169564970292,0,0.2
1477,0.32845739698588294,0,0.2
1478,0.36156631928351135,0,0.2
1479,0.17692377268373646,0,0.2
1480,0.11777325640919092,0,0.2
1481,0.1232344709185177,0,0.2
1482,0.46271730912965625,0,0.2
1483,0.5156685496727549,1,0.2
1484,0.18703215737998677,1,0.2
1485,0.26372129174529857,0,0.2
1486,0.3883847443858431,1,0.2
1487,0.05095750863472584,0,0.2
1488,0.27944529402437446,0,0.2
1489,0.5383648259562197,0,0.2
1490,0.4850698467818406,0,0.2
1491,0.9684428622887078,1,0.2
1492,0.3961500403833724,1,0.2
1493,0.6456165117914061,1,0.2
1494,0.2523086424383124,0,0.2
1495,0.7926955740199751,1,0.2
1496,0.7918343738397895,1,0.2
1497,0.7023012940607154,0,0.2
1498,0.8422190404650187,0,0.2
1499,0.8678330146257153,0,0.2
1500,0.14468664857852875,0,0.2
1501,0.404777114834387,0,0.2
1502,0.09559487909203854,0,0.2
1503,0.3109657682743704,0,0.2
1504,0.4533049010767366,1,0.2
1505,0.34738063206552966,1,0.2
1506,0.10466153272642605,0,0.2
1507,0.5654986645019828,1,0.2
1508,0.3252511107710911,0,0.2
1509,0.5292800649363361,1,0.2
1510,0.5757102419364084,0,0.2
1511,0.8284438787235324,1,0.2
1512,0.17064109374784162,0,0.2
1513,0.07425657650527306,0,0.2
1514,0.8750750741959763,1,0.2
1515,0.6108261097425349,0,0.2
1516,0.35055440069735133,0,0.2
1517,0.8374408146977799,1,0.2
1518,0.5677232571181583,1,0.2
1519,0.21418732759985085,0,0.2
1520,0.9891550027663998,0,0.2
1521,0.6179619667557138,1,0.2
1522,0.5192964306682233,1,0.2
1523,0.32869357629983287,0,0.2
1524,0.12869134917136993,1,0.2
1525,0.5733234019074316,1,0.2
1526,0.654283816678253,1,0.2
1527,0.3682711102823998,0,0.2
1528,0.8588818533881641,1,0.2
1529,0.7504710741605332,0,0.2
1530,0.40089907153924687,0,0.2
1531,0.11964173331640446,1,0.2
1532,0.30957060890444366,0,0.2
1533,0.291656711915084,0,0.2
1534,0.9646036140247511,1,0.2
1535,0.5337083865082061,0,0.2
1536,0.47328384230671094,0,0.2
1537,0.598180756966045,1,0.2
1538,0.4830288169282666,0,0.2
1539,0.7465500628084254,0,0.2
1540,0.8119793920190703,0,0.2
1541,0.5261685676086658,1,0.2
1542,0.7247043703584076,1,0.2
1543,0.03838920557539384,0,0.2
1544,0.6327390296578481,1,0.2
1545,0.11715697720762955,1,0.2
1546,0.2036362239839165,0,0.2
1547,0.25053829752990203,0,0.2
1548,0.13647273648117275,0,0.2
1549,0.8848393035362236,0,0.2
1550,0.7300562213382038,1,0.2
1551,0.30056490588946017,1,0.2
1552,0.8903646541647645,1,0.2
1553,0.43192169324007645,0,0.2
1554,0.11993644766247517,0,0.2
1555,0.6277306261403678,0,0.2
1556,0.7278944138165133,0,0.2
1557,0.7935631670995418,1,0.2
1558,0.0831919449642225,0,0.2
1559,0.7188978626551368,1,0.2
1560,0.6308652999341097,1,0.2
1561,0.31255776608570973,1,0.2
1562,0.5987178702817455,1,0.2
1563,0.11079830228525153,0,0.2
1564,0.543451699666041,1,0.2
1565,0.5092334192971695,1,0.2
1566,0.237360214019323,1,0.2
1567,0.765941502965215,1,0.2
1568,0.4474491509103686,0,0.2
1569,0.8026754221662525,1,0.2
1570,0.13823395874609393,0,0.2
1571,0.9291474795422485,1,0.2
1572,0.7499893697346927,1,0.2
1573,0.6927156727929269,0,0.2
1574,0.3666174292636742,0,0.2
1575,0.6450575668013065,1,0.2
1576,0.5962943987533078,1,0.2
1577,0.34870932795228715,0,0.2
1578,0.1977593707940679,0,0.2
1579,0.9522053178216632,1,0.2
1580,0.9510187780754202,1,0.2
1581,0.8057087452469358,1,0.2
1582,0.16236063880565865,0,0.2
1583,0.7745407406306648,1,0.2
1584,0.3600605321631857,1,0.2
1585,0.4384135358643301,1,0.2
1586,0.1289377150944816,0,0.2
1587,0.04405127558095507,0,0.2
1588,0.6232732744903953,0,0.2
1589,0.21701232359074468,1,0.2
1590,0.7529396159212249,0,0.2
1591,0.3364529837020134,1,0.2
1592,0.14355173330965637,0,0.2
1593,0.660282782877694,1,0.2
1594,0.43785021974885036,0,0.2
1595,0.01648285025646869,0,0.2
1596,0.5438832873180028,1,0.2
1597,0.22440194652752965,0,0.2
1598,0.10228469580292615,0,0.2
1599,0.38745825507974374,1,0.2
1600,0.2565154784700673,0,0.2
1601,0.19722157312991492,0,0.2
1602,0.6358179294014114,1,0.2
1603,0.2964082801184157,0,0.2
1604,0.09840150842438275,0,0.2
1605,0.5092182449086193,0,0.2
1606,0.9125263348400834,1,0.2
1607,0.4819140019295939,1,0.2
1608,0.7096195741443995,1,0.2
1609,0.06455226091919739,0,0.2
1610,0.5667766654761157,0,0.2
1611,0.9262152712256214,1,0.2
1612,0.5329106070045914,1,0.2
1613,0.9217684091584027,0,0.2
1614,0.639330882140899,0,0.2
1615,0.701111350327131,0,0.2
1616,0.2187886383444584,0,0.2
1617,0.5358089906864048,0,0.2
1618,0.9195947231492846,1,0.2
1619,0.22918832869128708,0,0.2
1620,0.8720606401683808,0,0.2
1621,0.20591712506411083,0,0.2
1622,0.949847219628043,1,0.2
1623,0.5841621059718796,1,0.2
1624,0.09632973704514976,1,0.2
1625,0.740582657779964,0,0.2
1626,0.6767931957373619,1,0.2
1627,0.8506534590506458,0,0.2
1628,0.1541560392699859,0,0.2
1629,0.6321406137052099,0,0.2
1630,0.5964982617475847,0,0.2
1631,0.39744726956527193,1,0.2
1632,0.7915502144385793,0,0.2
1633,0.2921952275632764,0,0.2
1634,0.44248784439942496,0,0.2
1635,0.8135847799369131,0,0.2
1636,0.8943018099647114,1,0.2
1637,0.2774453413786556,0,0.2
1638,0.3813288795642451,0,0.2
1639,0.19485823125455615,0,0.2
1640,0.8163755434133181,1,0.2
1641,0.8978884341808031,1,0.2
1642,0.7474872868883435,1,0.2
1643,0.24390215150435612,1,0.2
1644,0.7382806290646856,0,0.2
1645,0.3955235285087402,0,0.2
1646,0.8559596679491481,1,0.2
1647,0.5755299241099182,1,0.2
1648,0.3821283978008507,1,0.2
1649,0.15779413687007393,0,0.2
1650,0.6674049934769415,1,0.2
1651,0.5915710677142509,0,0.2
1652,0.8568168630536439,1,0.2
1653,0.4007825866235558,0,0.2
1654,0.14693601625793262,0,0.2
1655,0.24957285892842296,1,0.2
1656,0.18528962318054326,0,0.2
1657,0.9036593358220955,1,0.2
1658,0.6964908887219818,1,0.2
1659,0.7679933528445999,0,0.2
1660,0.47490692465671547,0,0.2
1661,0.4495552915253204,0,0.2
1662,0.4761709465914069,0,0.2
1663,0.8865177260301612,1,0.2
1664,0.8062964372449803,1,0.2
1665,0.6173269909214123,1,0.2
1666,0.12143604087485688,0,0.2
1667,0.8316233112730583,1,0.2
1668,0.2042531968159207,0,0.2
1669,0.2785707687412761,0,0.2
1670,0.16680559282614604,0,0.2
1671,0.29411111279815433,0,0.2
1672,0.29065409438413,0,0.2
1673,0.40245109200141727,0,0.2
1674,0.17388462498394308,0,0.2
1675,0.35255098163207915,1,0.2
1676,0.4910238240546718,1,0.2
1677,0.7099250745496548,1,0.2
1678,0.3017880264279192,0,0.2
1679,0.7067873876037718,0,0.2
1680,0.7264745969941353,1,0.2
1681,0.7482725587546,0,0.2
1682,0.6084237388492858,0,0.2
1683,0.7732059512419162,0,0.2
1684,0.7399003193668054,1,0.2
1685,0.8731244724461227,1,0.2
1686,0.5946750489273633,0,0.2
1687,0.9117484641881708,1,0.2
1688,0.704055274141681,1,0.2
1689,0.522306676974064,0,0.2
1690,0.9334345893771618,1,0.2
1691,0.2508129733999939,0,0.2
1692,0.7333806556168734,1,0.2
1693,0.8357322913322542,1,0.2
1694,0.610755775742633,1,0.2
1695,0.8697986431144507,1,0.2
1696,0.8822473653408065,1,0.2
1697,0.25667841368274985,0,0.2
1698,0.6617186453948154,0,0.2
1699,0.7087147650897803,1,0.2
1700,0.2133624804031959,1,0.2
1701,0.16932955457545348,0,0.2
1702,0.044994711973769475,0,0.2
1703,0.8326001734165205,1,0.2
1704,0.3841950446857596,0,0.2
1705,0.7425467903362454,0,0.2
1706,0.6330447378450001,1,0.2
1707,0.4678150007610917,1,0.2
1708,0.4045794861039659,1,0.2
1709,0.33733930864250256,1,0.2
1710,0.7936488119219359,0,0.2
1711,0.7976461911800875,1,0.2
1712,0.4406954592965904,1,0.2
1713,0.5551116496059282,1,0.2
1714,0.8162432476576009,1,0.2
1715,0.08061929395962757,0,0.2
1716,0.20488944209473048,0,0.2
1717,0.3966910572799205,0,0.2
1718,0.8409049593126606,1,0.2
1719,0.5688576232755085,1,0.2
1720,0.16002296348311407,1,0.2
1721,0.6119199925940608,0,0.2
1722,0.6216668194119154,0,0.2
1723,0.46671811038081656,1,0.2
1724,0.8803125830874943,1,0.2
1725,0.35361631922393344,0,0.2
1726,0.4389749600279557,1,0.2
1727,0.06456845286882897,0,0.2
1728,0.9132540489041034,1,0.2
1729,0.17044724240705877,0,0.2
1730,0.7759521468443088,1,0.2
1731,0.3900420330893281,1,0.2
1732,0.3641656467217522,1,0.2
1733,0.47421451437565454,0,0.2
1734,0.7123271235240718,1,0.2
1735,0.5834775328739125,0,0.2
1736,0.41982713509831815,1,0.2
1737,0.944717138292687,1,0.2
1738,0.15217255787278267,0,0.2
1739,0.36957865745213375,0,0.2
1740,0.19331895117869033,0,0.2
1741,0.7972792688934731,1,0.2
1742,0.6407910562506081,1,0.2
1743,0.34351160302538547,0,0.2
1744,0.4916851729698899,0,0.2
1745,0.7777684081957617,1,0.2
1746,0.5342986991407195,1,0.2
1747,0.4237858479635266,0,0.2
1748,0.4819164940441728,1,0.2
1749,0.570633094766845,1,0.2
1750,0.07046970709776532,0,0.2
1751,0.1433957258264597,0,0.2
1752,0.8621851721017126,0,0.2
1753,0.4719720410343454,1,0.2
1754,0.6596086750217933,0,0.2
1755,0.20380275035557727,0,0.2
1756,0.9392900748782451,1,0.2
1757,0.6395126984147066,0,0.2
1758,0.09301160949775573,1,0.2
1759,0.3550537506346369,1,0.2
1760,0.5690313850330521,0,0.2
1761,0.187754089891067,1,0.2
1762,0.738965662745728,1,0.2
1763,0.32121151575907025,0,0.2
1764,0.5372020408176899,1,0.2
1765,0.5085652759127832,1,0.2
1766,0.019485626761743223,0,0.2
1767,0.5166353658301678,0,0.2
1768,0.35112324899742353,1,0.2
1769,0.2570251133210167,0,0.2
1770,0.28856522964178316,0,0.2
1771,0.7052319430380212,0,0.2
1772,0.604819350794882,0,0.2
1773,0.8957608927421778,1,0.2
1774,0.5451968728063733,1,0.2
1775,0.9419955701704685,1,0.2
1776,0.3892603744323352,0,0.2
1777,0.5058355768675675,1,0.2
1778,0.6581170089876327,1,0.2
1779,0.5270072262255769,1,0.2
1780,0.6374893438986492,0,0.2
1781,0.301892364856867,1,0.2
1782,0.5150326240530037,0,0.2
1783,0.6073766749211333,0,0.2
1784,0.6228284142239792,1,0.2
1785,0.38085743058101473,1,0.2
1786,0.8325355896705244,1,0.2
1787,0.6398982598701832,1,0.2
1788,0.9069011200648218,0,0.2
1789,0.5285437751963639,0,0.2
1790,0.47937827913812336,0,0.2
1791,0.8093412464803476,0,0.2
1792,0.825303917692827,1,0.2
1793,0.44610483216403635,0,0.2
1794,0.13857372030650006,0,0.2
1795,0.12868506391999907,1,0.2
1796,0.3692052494037974,1,0.2
1797,0.41313050471836155,1,0.2
1798,0.8001156264848048,1,0.2
1799,0.17994579627904012,0,0.2
1800,0.9085298334268617,0,0.2
1801,0.29527862351119005,0,0.2
1802,0.8826643788573476,0,0.2
1803,0.8515750101874873,0,0.2
1804,0.5624202907031929,0,0.2
1805,0.8770792400888272,1,0.2
1806,0.6966068247003472,1,0.2
1807,0.8071766315687212,1,0.2
1808,0.558902888377717,1,0.2
1809,0.23677544633079078,0,0.2
1810,0.7829634237022103,1,0.2
1811,0.06701055172228333,0,0.2
1812,0.8431461991877096,1,0.2
1813,0.18333930287604816,1,0.2
1814,0.7003225156455626,1,0.2
1815,0.43171788423709834,0,0.2
1816,0.40294448830595847,0,0.2
1817,0.9237153085832098,1,0.2
1818,0.08955201646481005,0,0.2
1819,0.4958192486754642,1,0.2
1820,0.5571943604173706,0,0.2
1821,0.49574028656172053,0,0.2
1822,0.8032434355001041,0,0.2
1823,0.38323061509485634,1,0.2
1824,0.906576352850663,1,0.2
1825,0.24221755175353438,0,0.2
1826,0.4149298140711358,0,0.2
1827,0.5961146388926434,1,0.2
1828,0.44924108103180005,1,0.2
1829,0.4804695010076234,1,0.2
1830,0.2758812055292484,0,0.2
1831,0.20797847100065134,1,0.2
1832,0.22705171433030538,0,0.2
1833,0.052180534333102685,0,0.2
1834,0.7704474869136507,1,0.2
1835,0.16952786827354174,0,0.2
1836,0.9587217783828728,1,0.2
1837,0.10191987667541699,0,0.2
1838,0.2974867877369204,0,0.2
1839,0.3805501475700738,1,0.2
1840,0.16736877069906786,1,0.2
1841,0.07803172342649092,0,0.2
1842,0.3350898810537197,1,0.2
1843,0.35578604869187946,1,0.2
1844,0.3977198357920142,1,0.2
1845,0.6015143861354664,1,0.2
1846,0.112403876255556,0,0.2
1847,0.5293833201815066,0,0.2
1848,0.41132071066659376,1,0.2
1849,0.4112351449286694,0,0.2
1850,0.8640702668038107,1,0.2
1851,0.07463402071022104,0,0.2
1852,0.30415807250623395,1,0.2
1853,0.6817639099535289,1,0.2
1854,0.5680326745943958,1,0.2
1855,0.5785908581783694,0,0.2
1856,0.7319506403788771,0,0.2
1857,0.047872213688384575,0,0.2
1858,0.6899632945995361,0,0.2
1859,0.46042616281179394,1,0.2
1860,0.715898834009134,1,0.2
1861,0.5653753226099227,1,0.2
1862,0.2859921549086096,1,0.2
1863,0.6903920167496443,1,0.2
1864,0.7673221398109396,1,0.2
1865,0.429148443848281,1,0.2
1866,0.31350837260106057,0,0.2
1867,0.17667198584781568,0,0.2
1868,0.8285257715231524,0,0.2
1869,0.7191942091307237,1,0.2
1870,0.08824089907517313,0,0.2
1871,0.445486950346062,0,0.2
1872,0.5690433190461152,0,0.2
1873,0.0608831109873663,0,0.2
1874,0.2682060670454916,0,0.2
1875,0.8426221878600184,0,0.2
1876,0.19069744008444064,0,0.2
1877,0.5870241819924067,1,0.2
1878,0.6881875922289651,1,0.2
1879,0.8912514390982758,1,0.2
1880,0.8185744892451807,1,0.2
1881,0.1403519471790176,0,0.2
1882,0.9368900414590198,1,0.2
1883,0.5671394636383043,0,0.2
1884,0.2046363075656427,0,0.2
1885,0.6266007529895219,0,0.2
1886,0.9420754900270638,1,0.2
1887,0.26952246786451783,0,0.2
1888,0.3114686355029538,0,0.2
1889,0.2670746357604175,0,0.2
1890,0.05415826640895978,1,0.2
1891,0.435495760869549,1,0.2
1892,0.8220168958487499,0,0.2
1893,0.18731868551865133,0,0.2
1894,0.3318541809993421,0,0.2
1895,0.7375919693777606,0,0.2
1896,0.6091836399043696,0,0.2
1897,0.6839385098857281,1,0.2
1898,0.19611741776351127,0,0.2
1899,0.4534399675945038,1,0.2
1900,0.7069391380841965,1,0.2
1901,0.6272434977141037,0,0.2
1902,0.7837430592369307,1,0.2
1903,0.27751834311079115,0,0.2
1904,0.8996705996637597,1,0.2
1905,0.6194824819932008,0,0.2
1906,0.34754007981828405,1,0.2
1907,0.3002521752085945,1,0.2
1908,0.19014641373205834,0,0.2
1909,0.06139876088890392,0,0.2
1910,0.34046434036133233,1,0.2
1911,0.8398193658994411,1,0.2
1912,0.2611391964918228,0,0.2
1913,0.612212151631914,1,0.2
1914,0.2658859867144967,0,0.2
1915,0.4013777679381807,1,0.2
1916,0.20370097902165707,1,0.2
1917,0.3006220627156512,0,0.2
1918,0.746196719555284,1,0.2
1919,0.46700701677499534,0,0.2
1920,0.6405767460820271,1,0.2
1921,0.6274465923389418,1,0.2
1922,0.5486097598969167,0,0.2
1923,0.7227383287421398,1,0.2
1924,0.9068992839504396,1,0.2
1925,0.19876966836081217,0,0.2
1926,0.9691467858165641,1,0.2
1927,0.6223991333141421,1,0.2
1928,0.5271032074404459,1,0.2
1929,0.5246592606540885,0,0.2
1930,0.2809743602704295,1,0.2
1931,0.3096617792584077,1,0.2
1932,0.26082208632347204,0,0.2
1933,0.6833916899160905,1,0.2
1934,0.5990637343014145,1,0.2
1935,0.12328519404332539,0,0.2
1936,0.4344244216541947,0,0.2
1937,0.8911711197831358,0,0.2
1938,0.6007183035913239,1,0.2
1939,0.21890759860202233,1,0.2
1940,0.05627736457407308,0,0.2
1941,0.5068409087311974,0,0.2
1942,0.4175762057858299,1,0.2
1943,0.34470249707834405,0,0.2
1944,0.8109636296257214,1,0.2
1945,0.23611816671831645,0,0.2
1946,0.45555126432174126,0,0.2
1947,0.23985980502257254,0,0.2
1948,0.1754647163393599,0,0.2
1949,0.8779572148392362,1,0.2
1950,0.2943321365366215,0,0.2
1951,0.21585689054139046,0,0.2
1952,0.5610838311369797,1,0.2
1953,0.3662132448762161,0,0.2
1954,0.14091019444240643,0,0.2
1955,0.9752630631718688,1,0.2
1956,0.7387635520041234,1,0.2
1957,0.8686015790806856,1,0.2
1958,0.8887303169901375,1,0.2
1959,0.9074155507527206,1,0.2
1960,0.95679983711217,1,0.2
1961,0.8743739943532711,0,0.2
1962,0.47414789005697755,1,0.2
1963,0.13428756545374868,1,0.2
1964,0.982743491591076,1,0.2
1965,0.9322551097794571,1,0.2
1966,0.925310828232242,1,0.2
1967,0.5799276707702545,1,0.2
1968,0.4151503281951751,0,0.2
1969,0.056806941724539234,0,0.2
1970,0.17758527514143718,0,0.2
1971,0.8299743549131661,1,0.2
1972,0.5839791166890627,1,0.2
1973,0.05506013282268784,1,0.2
1974,0.363711197515368,0,0.2
1975,0.7900390494124354,0,0.2
1976,0.23001204865271999,0,0.2
1977,0.09524830592073079,1,0.2
1978,0.712132997564993,1,0.2
1979,0.6741316740910026,0,0.2
1980,0.2936575624737227,0,0.2
1981,0.5537180762863765,1,0.2
1982,0.21039416584946363,0,0.2
1983,0.44419152857551525,0,0.2
1984,0.8227114053026942,1,0.2
1985,0.9869722657528368,1,0.2
1986,0.0985942927224062,0,0.2
1987,0.15524248855503772,0,0.2
1988,0.5014218803633332,1,0.2
1989,0.6140307373846854,1,0.2
1990,0.9213093445326244,1,0.2
1991,0.4769145994068493,0,0.2
1992,0.8805344799116431,1,0.2
1993,0.6219791599389877,1,0.2
1994,0.3275667285612593,1,0.2
1995,0.8304044135306934,1,0.2
1996,0.6387216586074385,1,0.2
1997,0.8827421289424273,1,0.2
1998,0.31073955788301677,1,0.2
1999,0.1293979521379812,0,0.2
2000,0.2791452926606308,0,0.2
2001,0.3352271187188053,1,0.2
2002,0.8735335348003339,1,0.2
2003,0.812590291847247,1,0.2
2004,0.5459156169887142,0,0.2
2005,0.4091129503340367,1,0.2
2006,0.6785745986080876,1,0.2
2007,0.17643450496452395,0,0.2
2008,0.15815501140460042,1,0.2
2009,0.031768340802628844,0,0.2
2010,0.9252621968646487,0,0.2
2011,0.4082314021810114,1,0.2
2012,0.03976219524898461,0,0.2
2013,0.7612059168673393,1,0.2
2014,0.7336507068842086,1,0.2
2015,0.4663762782996001,1,0.2
2016,0.34733934742398737,0,0.2
2017,0.5965243635376891,0,0.2
2018,0.7796327167199231,1,0.2
2019,0.20969754183693165,0,0.2
2020,0.10449180227211802,0,0.2
2021,0.3631066833301213,0,0.2
2022,0.5247191086154286,0,0.2
2023,0.7070604772832831,1,0.2
2024,0.6091999648129861,1,0.2
2025,0.1587575970309189,0,0.2
2026,0.24031165030847818,0,0.2
2027,0.7250126233281107,0,0.2
2028,0.3069399737757973,0,0.2
2029,0.2499581192470401,0,0.2
2030,0.7316224562164475,1,0.2
2031,0.2793768157525394,1,0.2
2032,0.40077322600398413,1,0.2
2033,0.9244350535284638,1,0.2
2034,0.9408406353985487,1,0.2
2035,0.18985030566459235,0,0.2
2036,0.891111171847947,1,0.2
2037,0.9001963487741969,1,0.2
2038,0.3663886845962873,0,0.2
2039,0.25533381180565834,0,0.2
2040,0.30212461736415075,0,0.2
2041,0.3938990633674907,1,0.2
2042,0.8987184650355038,1,0.2
2043,0.6156972294092897,1,0.2
2044,0.5599497867940406,0,0.2
2045,0.5153893115972735,0,0.2
2046,0.2682599207297324,1,0.2
2047,0.7039129783321003,0,0.2
2048,0.852228396853943,1,0.2
2049,0.9084125746947811,1,0.2
2050,0.9001228472394496,1,0.2
2051,0.13964625761225063,0,0.2
2052,0.2535564066948126,0,0.2
2053,0.24618922964075102,0,0.2
2054,0.5211959378391436,1,0.2
2055,0.3043940449017875,1,0.2
2056,0.9597793280872943,1,0.2
2057,0.7557009016884267,1,0.2
2058,0.22653504270622596,0,0.2
2059,0.5891071341518775,1,0.2
2060,0.4220664337280575,0,0.2
2061,0.637876849864873,1,0.2
2062,0.6439073909286523,0,0.2
2063,0.4528864109943623,1,0.2
2064,0.20161155837844302,1,0.2
2065,0.8966205330925504,1,0.2
2066,0.3497714075320865,1,0.2
2067,0.5778040158876404,1,0.2
2068,0.18017896831921387,0,0.2
2069,0.5139347543665335,1,0.2
2070,0.09685704707018335,0,0.2
2071,0.17879162090390827,0,0.2
2072,0.43406553499865763,1,0.2
2073,0.9568926876485124,0,0.2
2074,0.13202503851585765,0,0.2
2075,0.2581117246175383,0,0.2
2076,0.8443692946115517,1,0.2
2077,0.2720658753742127,0,0.2
2078,0.3188698380093655,0,0.2
2079,0.5565651132275801,1,0.2
2080,0.7474339660843023,1,0.2
2081,0.13361360422827487,0,0.2
2082,0.4552641310827962,1,0.2
2083,0.29407480500420413,0,0.2
2084,0.4373059695892233,0,0.2
2085,0.2170960590836391,0,0.2
2086,0.6145723164284776,0,0.2
2087,0.14078326578788436,0,0.2
2088,0.6292191116852905,0,0.2
2089,0.2191616441287711,1,0.2
2090,0.8573704029793286,0,0.2
2091,0.4741166217297742,1,0.2
2092,0.09663838700274649,1,0.2
2093,0.38599512550898707,0,0.2
2094,0.5918703788154127,1,0.2
2095,0.34253902030667077,1,0.2
2096,0.0843464397325342,0,0.2
2097,0.3918752118363121,1,0.2
2098,0.442780659331642,0,0.2
2099,0.6959256777892616,1,0.2
2100,0.9247284324070649,1,0.2
2101,0.4664780651814615,1,0.2
2102,0.8614132340422478,0,0.2
2103,0.6864716244905509,1,0.2
2104,0.4075336082057176,1,0.2
2105,0.7047262922716657,1,0.2
2106,0.7836738544861761,1,0.2
2107,0.9013573009507599,1,0.2
2108,0.39570950759858503,0,0.2
2109,0.9118418695607449,1,0.2
2110,0.5327361553294465,0,0.2
2111,0.7693949340600998,0,0.2
2112,0.4371746133006469,0,0.2
2113,0.9206167515124555,1,0.2
2114,0.6261332830513824,1,0.2
2115,0.44334022483999513,0,0.2
2116,0.7520432205945649,1,0.2
2117,0.2629799733043907,0,0.2
2118,0.13000456172202168,0,0.2
2119,0.23489386657714964,0,0.2
2120,0.7205286362889761,1,0.2
2121,0.03504386911932143,0,0.2
2122,0.8289544202767605,1,0.2
2123,0.32357704655028274,0,0.2
2124,0.7657673183054057,0,0.2
2125,0.8712610847955425,1,0.2
2126,0.9159237827138003,1,0.2
2127,0.3107804033646761,1,0.2
2128,0.2677504998954334,1,0.2
2129,0.283551096552383,0,0.2
2130,0.5115528204535644,1,0.2
2131,0.785167052836324,1,0.2
2132,0.8749362908232678,1,0.2
2133,0.53521845640549,0,0.2
2134,0.6909983246202196,1,0.2
2135,0.3408437053430292,0,0.2
2136,0.21156654224486754,0,0.2
2137,0.6461106632264954,1,0.2
2138,0.5840389863903596,1,0.2
2139,0.7857841855534027,1,0.2
2140,0.11453673448388468,0,0.2
2141,0.2263376719829179,0,0.2
2142,0.11409712652606586,0,0.2
2143,0.11650462330249484,0,0.2
2144,0.7487905830857672,1,0.2
2145,0.970851470896849,1,0.2
2146,0.8452065560301371,0,0.2
2147,0.15443359168589,0,0.2
2148,0.884218255320692,1,0.2
2149,0.5413720609143869,0,0.2
2150,0.8649773584077813,1,0.2
2151,0.6182312320140606,1,0.2
2152,0.7142844186554758,1,0.2
2153,0.5675754352921726,0,0.2
2154,0.5983720511418156,1,0.2
2155,0.876538259336409,1,0.2
2156,0.22307579329443977,1,0.2
2157,0.169497744838021,0,0.2
2158,0.6031545322021831,0,0.2
2159,0.9173687702594454,1,0.2
2160,0.8709581794946668,1,0.2
2161,0.5263951431516951,1,0.2
2162,0.9142215180278835,1,0.2
2163,0.28109441184602557,1,0.2
2164,0.22526417729824166,0,0.2
2165,0.5550411998511345,0,0.2
2166,0.16855751497164584,0,0.2
2167,0.5380778549619802,1,0.2
2168,0.662396080679049,0,0.2
2169,0.7765366587215163,1,0.2
2170,0.8826063340784449,1,0.2
2171,0.19559235946153147,0,0.2
2172,0.9411062244319307,1,0.2
2173,0.837670319271423,1,0.2
2174,0.5422244699367984,1,0.2
2175,0.5043127950840647,1,0.2
2176,0.3345156634562587,1,0.2
2177,0.7104270549239311,0,0.2
2178,0.5923804881397476,0,0.2
2179,0.4428806401105131,0,0.2
2180,0.7835712598748488,1,0.2
2181,0.5853280055896388,1,0.2
2182,0.1501739585755304,0,0.2
2183,0.6455570729770808,1,0.2
2184,0.8107712643428777,1,0.2
2185,0.5452584805588199,1,0.2
2186,0.1788253142102879,0,0.2
2187,0.7940498589990844,1,0.2
2188,0.8940171008931053,0,0.2
2189,0.20754089425640063,0,0.2
2190,0.45525546853301474,0,0.2
2191,0.17556346922235166,0,0.2
2192,0.27701657809942126,0,0.2
2193,0.24968513918510604,0,0.2
2194,0.9214619800659507,1,0.2
2195,0.20434425556901686,0,0.2
2196,0.9213660622404827,1,0.2
2197,0.1957792962860439,0,0.2
2198,0.8236334278269843,1,0.2
2199,0.8424336281028224,1,0.2
2200,0.6362204539399434,0,0.2
2201,0.5576833961503918,1,0.2
2202,0.9550947765408697,1,0.2
2203,0.36308391273871365,0,0.2
2204,0.6427374025852185,1,0.2
2205,0.7096709846649858,1,0.2
2206,0.8092281483910044,1,0.2
2207,0.2529945075212328,0,0.2
2208,0.4378688458531796,1,0.2
2209,0.15316050203915085,0,0.2
2210,0.31259161387444057,1,0.2
2211,0.06629738443663577,0,0.2
2212,0.13467504318044854,0,0.2
2213,0.7138738001246101,1,0.2
2214,0.21761843900484087,0,0.2
2215,0.10323515819676977,0,0.2
2216,0.9335390677245259,1,0.2
2217,0.3318838978571899,1,0.2
2218,0.22871264296259586,0,0.2
2219,0.5287048298347287,0,0.2
2220,0.563328627683692,1,0.2
2221,0.28391467539544557,0,0.2
2222,0.32905816282253797,0,0.2
2223,0.6540029672862929,1,0.2
2224,0.6783193220754298,1,0.2
2225,0.17518313598370364,0,0.2
2226,0.27497270425809217,0,0.2
2227,0.7767178935408507,1,0.2
2228,0.7448553697502991,1,0.2
2229,0.24250386213357533,0,0.2
2230,0.4983383755395733,0,0.2
2231,0.9236299292226063,1,0.2
2232,0.7738768184685707,0,0.2
2233,0.4023277146900004,1,0.2
2234,0.34819893594074314,0,0.2
2235,0.5603978197497006,0,0.2
2236,0.8046434171034201,1,0.2
2237,0.3933373412060488,0,0.2
2238,0.08461980444973055,1,0.2
2239,0.35754138385622614,1,0.2
2240,0.9347295892101852,1,0.2
2241,0.42298013094674725,0,0.2
2242,0.16498501642948432,0,0.2
2243,0.18136089162880717,0,0.2
2244,0.04453460825736505,0,0.2
2245,0.3581683615992929,0,0.2
2246,0.12080546883667402,0,0.2
2247,0.8714769274608232,1,0.2
2248,0.256810402292464,1,0.2
2249,0.4941577346935161,0,0.2
2250,0.448779385189794,0,0.2
2251,0.3246598072809618,0,0.2
2252,0.3693018269672065,1,0.2
2253,0.05132414878699548,0,0.2
2254,0.7511085817003901,1,0.2
2255,0.06280516628322294,0,0.2
2256,0.10920006272239006,0,0.2
2257,0.2073947057552252,0,0.2
2258,0.35100213993693646,1,0.2
2259,0.3205449337564221,0,0.2
2260,0.0462457272346071,0,0.2
2261,0.23472596233404458,0,0.2
2262,0.6485706250505523,1,0.2
2263,0.7961478533492713,0,0.2
2264,0.7209682162534832,1,0.2
2265,0.12649891450932785,0,0.2
2266,0.7253435502374221,1,0.2
2267,0.7649318413217728,1,0.2
2268,0.7945864230637905,1,0.2
2269,0.6169388944867173,1,0.2
2270,0.2803279228539524,1,0.2
2271,0.35392051984480905,0,0.2
2272,0.11709142930041065,0,0.2
2273,0.539512250296403,1,0.2
2274,0.9090406583914488,1,0.2
2275,0.6905780301849662,1,0.2
2276,0.2977395892267889,0,0.2
2277,0.5753158013302448,0,0.2
2278,0.28786047757721095,0,0.2
2279,0.07333486196171816,1,0.2
2280,0.10573447957539919,0,0.2
2281,0.608813277674489,1,0.2
2282,0.5845906108649065,1,0.2
2283,0.8352461637446602,1,0.2
2284,0.4040111423200389,0,0.2
2285,0.7311059879859396,1,0.2
2286,0.3900694524791387,0,0.2
2287,0.3620054294328579,1,0.2
2288,0.517476817445888,0,0.2
2289,0.7649247090464444,1,0.2
2290,0.22894125838013946,0,0.2
2291,0.7956476433408424,1,0.2
2292,0.08846024174756606,0,0.2
2293,0.34378329905245497,1,0.2
2294,0.4324640028070741,1,0.2
2295,0.7996320694574026,1,0.2
2296,0.7275873876553101,1,0.2
2297,0.22444880895260036,1,0.2
2298,0.6765812924475063,1,0.2
2299,0.6993880926389298,0,0.2
2300,0.10024112337243915,0,0.2
2301,0.5616615557054194,0,0.2
2302,0.44269507603547587,1,0.2
2303,0.1696208689121518,0,0.2
2304,0.11486625304039458,0,0.2
2305,0.47871058967765295,1,0.2
2306,0.3269834055767574,0,0.2
2307,0.4489751454830221,0,0.2
2308,0.05729745194901381,0,0.2
2309,0.6502012007956213,0,0.2
2310,0.34176466700068614,0,0.2
2311,0.3008254607658616,0,0.2
2312,0.7902405735480404,0,0.2
2313,0.11354700509868842,0,0.2
2314,0.4349219453000842,0,0.2
2315,0.2231727003246718,0,0.2
2316,0.5103300092331815,1,0.2
2317,0.10552898212520524,0,0.2
2318,0.7154746235552281,1,0.2
2319,0.7935881668857839,1,0.2
2320,0.6678791102530226,1,0.2
2321,0.8126973803648503,0,0.2
2322,0.24792912715679047,0,0.2
2323,0.23604468550586394,0,0.2
2324,0.9326858059131056,1,0.2
2325,0.7472479927162725,1,0.2
2326,0.3612688200119335,0,0.2
2327,0.293698517171897,0,0.2
2328,0.24814589266686923,0,0.2
2329,0.9179794353492274,1,0.2
2330,0.6622030850781703,0,0.2
2331,0.08309984070792163,0,0.2
2332,0.7666227105488657,1,0.2
2333,0.3835541995549998,1,0.2
2334,0.44617472770204514,0,0.2
2335,0.4629179529689596,0,0.2
2336,0.17951175997432733,0,0.2
2337,0.41439533882939983,0,0.2
2338,0.6345630845783559,0,0.2
2339,0.7540148480655333,1,0.2
2340,0.9225841280246917,1,0.2
2341,0.3562945886521727,1,0.2
2342,0.3159085707305614,1,0.2
2343,0.8178620697670478,1,0.2
2344,0.8759002954967201,1,0.2
2345,0.4944954860860523,1,0.2
2346,0.6411626396676668,1,0.2
2347,0.7827963528221695,0,0.2
2348,0.36090321249563084,0,0.2
2349,0.18702747197544067,1,0.2
2350,0.5666301993139278,0,0.2
2351,0.28777996002939354,0,0.2
2352,0.05958534227909203,0,0.2
2353,0.5862493649500127,1,0.2
2354,0.5493941210082256,1,0.2
2355,0.17722159349883645,0,0.2
2356,0.09190490919426988,0,0.2
2357,0.7879262605561127,1,0.2
2358,0.9335467559122592,1,0.2
2359,0.3198333436142322,0,0.2
2360,0.7591054776744879,0,0.2
2361,0.47906253411672584,1,0.2
2362,0.3774620210398089,1,0.2
2363,0.5541742691794871,1,0.2
2364,0.2806503942911281,0,0.2
2365,0.566171454487236,1,0.2
2366,0.7000210249267612,1,0.2
2367,0.060160287319981826,0,0.2
2368,0.8758075481225499,1,0.2
2369,0.637649159738872,0,0.2
2370,0.8445649011170429,1,0.2
2371,0.44636988110560005,0,0.2
2372,0.06316594651202112,0,0.2
2373,0.5105255019216988,0,0.2
2374,0.6154544917727548,1,0.2
2375,0.2107564715349362,0,0.2
2376,0.25470873513977865,0,0.2
2377,0.3145218349797711,0,0.2
2378,0.9170003089306791,1,0.2
2379,0.29338464133119124,0,0.2
2380,0.7514052942009679,1,0.2
2381,0.06130284928800633,0,0.2
2382,0.5976504055530087,0,0.2
2383,0.5804928638117726,0,0.2
2384,0.4860877010120598,1,0.2
2385,0.4249105653296461,0,0.2
2386,0.2733616574671255,0,0.2
2387,0.4046324712368819,0,0.2
2388,0.3803148325137077,0,0.2
2389,0.6411075449610383,0,0.2
2390,0.49815450928771027,1,0.2
2391,0.2809666623568318,1,0.2
2392,0.8388262198280648,1,0.2
2393,0.6105894123031438,1,0.2
2394,0.08920842251283992,0,0.2
2395,0.047399840064254024,0,0.2
2396,0.6902204044444589,0,0.2
2397,0.682346857407967,0,0.2
2398,0.8570058520570718,1,0.2
2399,0.7345248646802751,0,0.2
2400,0.03283424593806187,0,0.2
2401,0.3812244762982048,1,0.2
2402,0.5711884679747607,0,0.2
2403,0.8819248291209338,1,0.2
2404,0.9505408709928833,1,0.2
2405,0.24528157442424375,0,0.2
2406,0.15905989898924225,1,0.2
2407,0.3725790449319877,0,0.2
2408,0.966097501267744,1,0.2
2409,0.20352082802710092,1,0.2
2410,0.3327899167215127,0,0.2
2411,0.7159665076200705,0,0.2
2412,0.42240976618641113,0,0.2
2413,0.21266497201480833,0,0.2
2414,0.7671572374790481,0,0.2
2415,0.7040809339347502,1,0.2
2416,0.7757329481444026,1,0.2
2417,0.288092087777418,0,0.2
2418,0.8225945682081727,1,0.2
2419,0.7746526807717324,0,0.2
2420,0.10883383853513284,0,0.2
2421,0.7890866843408921,1,0.2
2422,0.7812589018709892,1,0.2
2423,0.2348056214582921,0,0.2
2424,0.37916273342758605,0,0.2
2425,0.2882556144852295,0,0.2
2426,0.6496027055379661,1,0.2
2427,0.8802960275022694,1,0.2
2428,0.1612728493350168,0,0.2
2429,0.9761744520403218,1,0.2
2430,0.14534659197275626,0,0.2
2431,0.6745141939095097,0,0.2
2432,0.2298512731964813,1,0.2
2433,0.6387298238264775,0,0.2
2434,0.40888264354425913,1,0.2
2435,0.07264569921382825,0,0.2
2436,0.33499788972083044,1,0.2
2437,0.4916551207455999,1,0.2
2438,0.6641391431646517,0,0.2
2439,0.25737307395977166,0,0.2
2440,0.6670200536467578,1,0.2
2441,0.23312244684543762,0,0.2
2442,0.8357760036476799,1,0.2
2443,0.36736461321134783,0,0.2
2444,0.2995865935663476,1,0.2
2445,0.1626414808667039,0,0.2
2446,0.22484623293851963,0,0.2
2447,0.5490050288068875,0,0.2
2448,0.8841026828023495,1,0.2
2449,0.7818381300339834,0,0.2
2450,0.09182828784163996,0,0.2
2451,0.3087722107784022,1,0.2
2452,0.7150794087880061,1,0.2
2453,0.12209750239349423,0,0.2
2454,0.35105974858116107,0,0.2
2455,0.419728880028119,1,0.2
2456,0.47410179511589984,0,0.2
2457,0.370943184577531,0,0.2
2458,0.719901544741488,0,0.2
2459,0.300085916903025,0,0.2
2460,0.6782046680232585,1,0.2
2461,0.7245311525422673,1,0.2
2462,0.19767234890976904,1,0.2
2463,0.41811857364006455,0,0.2
2464,0.5450980474190339,1,0.2
2465,0.6953760838509095,1,0.2
2466,0.49335625758285634,1,0.2
2467,0.8938549495266874,1,0.2
2468,0.6323490875157467,1,0.2
2469,0.7238985513658265,1,0.2
2470,0.3038197793598142,0,0.2
2471,0.1402488294605562,0,0.2
2472,0.057869930218444054,0,0.2
2473,0.8851032541638344,1,0.2
2474,0.5764062501136752,1,0.2
2475,0.32459396041165467,1,0.2
2476,0.3506973909144417,0,0.2
2477,0.5148390253986858,0,0.2
2478,0.4364663541371092,1,0.2
2479,0.2199478619760914,0,0.2
2480,0.40449648962530427,0,0.2
2481,0.5742181279750875,0,0.2
2482,0.6173469649586764,0,0.2
2483,0.2156230929921224,1,0.2
2484,0.15742626341834334,0,0.2
2485,0.08534250348811215,0,0.2
2486,0.5900155391555579,0,0.2
2487,0.9307221022144825,1,0.2
2488,0.8521602156847377,1,0.2
2489,0.32739699166421726,0,0.2
2490,0.46589479905634945,0,0.2
2491,0.9269378324760218,1,0.2
2492,0.16322812777935847,0,0.2
2493,0.0831539321331406,1,0.2
2494,0.6068975270173338,1,0.2
2495,0.16705882340413417,0,0.2
2496,0.7870361723424215,1,0.2
2497,0.441893377008491,0,0.2
2498,0.5237933536946434,1,0.2
2499,0.27356689206893203,0,0.2
2500,0.6255625421791544,0,0.2
2501,0.45160777505637917,1,0.2
2502,0.17845045060379644,0,0.2
2503,0.9166084269016763,1,0.2
2504,0.6659114356455438,1,0.2
2505,0.3044080393548656,0,0.2
2506,0.47676939653170114,0,0.2
2507,0.659490832966509,0,0.2
2508,0.727151587461445,1,0.2
2509,0.2130817726888176,1,0.2
2510,0.265046186858744,0,0.2
2511,0.36883700946608255,0,0.2
2512,0.9429917851799909,1,0.2
2513,0.04829306920786168,0,0.2
2514,0.8677826957289263,0,0.2
2515,0.6220472563211054,1,0.2
2516,0.9474391793850246,1,0.2
2517,0.441052983155961,0,0.2
2518,0.12437619446815021,0,0.2
2519,0.20629082306031912,0,0.2
2520,0.3339241403590402,1,0.2
2521,0.04067676454258085,0,0.2
2522,0.8872208894118945,1,0.2
2523,0.44296524958149697,0,0.2
2524,0.07292946381412313,0,0.2
2525,0.2783536262674755,0,0.2
2526,0.46566063461815294,1,0.2
2527,0.6421243407692636,1,0.2
2528,0.930178193548074,1,0.2
2529,0.5915385765733122,0,0.2
2530,0.8725888945308657,1,0.2
2531,0.6991533128825822,0,0.2
2532,0.1910377745142427,1,0.2
2533,0.4688229766797912,1,0.2
2534,0.36314472602985615,1,0.2
2535,0.19775255697035005,1,0.2
2536,0.47794299307640004,1,0.2
2537,0.5813497307575033,1,0.2
2538,0.48688004753486436,0,0.2
2539,0.12046284792239596,0,0.2
2540,0.3744877998982583,1,0.2
2541,0.7144659811982177,1,0.2
2542,0.17483040045903897,0,0.2
2543,0.2114364588155727,1,0.2
2544,0.9412380678619605,1,0.2
2545,0.5757101514663028,1,0.2
2546,0.5535577045701947,0,0.2
2547,0.7041411067689631,1,0.2
2548,0.7883083141363082,1,0.2
2549,0.9022626633574327,0,0.2
2550,0.6767677044655525,1,0.2
2551,0.14865634442177963,0,0.2
2552,0.2286929786390885,1,0.2
2553,0.05057319800045296,0,0.2
2554,0.16005170559465562,1,0.2
2555,0.787465089796119,1,0.2
2556,0.7303319655133522,1,0.2
2557,0.66220999913868,1,0.2
2558,0.9043864826076815,1,0.2
2559,0.6791519031761591,1,0.2
2560,0.589637025071968,1,0.2
2561,0.17104368076719664,0,0.2
2562,0.21688154602657544,0,0.2
2563,0.9255381509611156,1,0.2
2564,0.7801621087522284,0,0.2
2565,0.11241433056594474,0,0.2
2566,0.6587044365176795,0,0.2
2567,0.5767905806573164,0,0.2
2568,0.6608548765362872,0,0.2
2569,0.40151597606319367,0,0.2
2570,0.3483349441439354,0,0.2
2571,0.6972335447939109,1,0.2
2572,0.7591421233350091,1,0.2
2573,0.13499592704696575,0,0.2
2574,0.655668546438132,1,0.2
2575,0.8643609490966471,1,0.2
2576,0.8105402644567155,1,0.2
2577,0.8678541497871216,0,0.2
2578,0.8211075838089763,1,0.2
2579,0.4899208557636999,1,0.2
2580,0.5441098213803228,1,0.2
2581,0.847704254347678,1,0.2
2582,0.9353763355833852,1,0.2
2583,0.37400197902900817,0,0.2
2584,0.34415162500399255,0,0.2
2585,0.7207588508212683,1,0.2
2586,0.7685109990800975,1,0.2
2587,0.5856672857526823,1,0.2
2588,0.7849976133698926,1,0.2
2589,0.3248834491152899,0,0.2
2590,0.2738715738594355,0,0.2
2591,0.17021346577261626,0,0.2
2592,0.47964643165988285,1,0.2
2593,0.7778004125428535,1,0.2
2594,0.4768939932981281,1,0.2
2595,0.21159630465122276,0,0.2
2596,0.3300154554291974,1,0.2
2597,0.8980204364262372,1,0.2
2598,0.41403725901751937,0,0.2
2599,0.6750259487132613,0,0.2
2600,0.19764691949980973,0,0.2
2601,0.08972219145198318,0,0.2
2602,0.7309887967989519,1,0.2
2603,0.2501283839244246,0,0.2
2604,0.3240933616348303,0,0.2
2605,0.8560073216849986,1,0.2
2606,0.28805231081609733,1,0.2
2607,0.1711569106770176,0,0.2
2608,0.20996354991339744,0,0.2
2609,0.3430284971403035,0,0.2
2610,0.4155319147500571,0,0.2
2611,0.8400588109296565,1,0.2
2612,0.8504853115838069,1,0.2
2613,0.4361312373554773,0,0.2
2614,0.1319989862578969,0,0.2
2615,0.0757343134183984,0,0.2
2616,0.15954000742423616,0,0.2
2617,0.8578057127398246,0,0.2
2618,0.6852746062885087,0,0.2
2619,0.49436813046327877,0,0.2
2620,0.3876464414951456,0,0.2
2621,0.901819190296107,1,0.2
2622,0.4785306644289905,1,0.2
2623,0.15407110543381528,0,0.2
2624,0.436713117682783,1,0.2
2625,0.6480586929393647,0,0.2
2626,0.9032481407679489,1,0.2
2627,0.6323295101542157,1,0.2
2628,0.6339539493672511,1,0.2
2629,0.8530471513949045,0,0.2
2630,0.292063577846121,0,0.2
2631,0.4466127466768082,0,0.2
2632,0.44842242814299965,1,0.2
2633,0.9410035742794343,1,0.2
2634,0.457861090913515,1,0.2
2635,0.3174127460306506,0,0.2
2636,0.38486763557098064,1,0.2
2637,0.596408918362523,0,0.2
2638,0.3580673492105657,0,0.2
2639,0.7011297113823498,1,0.2
2640,0.8267271184113862,1,0.2
2641,0.18306808879579392,0,0.2
2642,0.4810317443135729,0,0.2
2643,0.08970199250443209,0,0.2
2644,0.3409251417236334,0,0.2
2645,0.3426033620333364,0,0.2
2646,0.501281419145083,1,0.2
2647,0.820312828237753,0,0.2
2648,0.802099727273704,1,0.2
2649,0.5775991959145863,0,0.2
2650,0.234930472786648,0,0.2
2651,0.6793062127679848,1,0.2
2652,0.9318406911760744,1,0.2
2653,0.16378561190748975,1,0.2
2654,0.08700886123446824,0,0.2
2655,0.4480154605463431,0,0.2
2656,0.8132688036357751,1,0.2
2657,0.3984927184298428,1,0.2
2658,0.08701163791163966,1,0.2
2659,0.6506185835331043,0,0.2
2660,0.5665076571963881,1,0.2
2661,0.63268456268897,1,0.2
2662,0.881439165357667,1,0.2
2663,0.12771651640323903,0,0.2
2664,0.21859435696725643,0,0.2
2665,0.11802842516452686,0,0.2
2666,0.12497496464466329,0,0.2
2667,0.6818220384529233,1,0.2
2668,0.23068020874210532,1,0.2
2669,0.8137900268720468,1,0.2
2670,0.18691561682873603,0,0.2
2671,0.21664999959057019,0,0.2
2672,0.3353777266307575,1,0.2
2673,0.7998878708592825,1,0.2
2674,0.8259848129620196,1,0.2
2675,0.9320898043950435,1,0.2
2676,0.3424818965521623,1,0.2
2677,0.9135864479693052,1,0.2
2678,0.7532161844016945,0,0.2
2679,0.09732715311350745,0,0.2
2680,0.1943707744366646,0,0.2
2681,0.7540763527177727,1,0.2
2682,0.016515982978154237,0,0.2
2683,0.9200801619384487,1,0.2
2684,0.7808625646071243,0,0.2
2685,0.48211532205200236,1,0.2
2686,0.9556494462732794,1,0.2
2687,0.6252743260789179,1,0.2
2688,0.8056710999648554,1,0.2
2689,0.4948414516713239,1,0.2
2690,0.33451553840743364,0,0.2
2691,0.1660875620148038,1,0.2
2692,0.3788291443086209,0,0.2
2693,0.8250688785761768,1,0.2
2694,0.044878830601844055,0,0.2
2695,0.29809126187159224,0,0.2
2696,0.12138548804459433,0,0.2
2697,0.4940559343835972,0,0.2
2698,0.38368860070104593,0,0.2
2699,0.7471992434445178,1,0.2
2700,0.6320773489301708,1,0.2
2701,0.6411191436043181,0,0.2
2702,0.6388454898478146,1,0.2
2703,0.545654581297468,1,0.2
2704,0.5089683842192582,1,0.2
2705,0.6080499060042186,1,0.2
2706,0.46398060052923157,1,0.2
2707,0.7595923439865571,1,0.2
2708,0.8600728714431083,1,0.2
2709,0.6140836223740423,0,0.2
2710,0.23182701690207358,0,0.2
2711,0.8464546602534468,1,0.2
2712,0.38204671942783586,0,0.2
2713,0.13212372825526966,0,0.2
2714,0.22092103559341073,0,0.2
2715,0.9529971629872834,1,0.2
2716,0.9027980150120241,1,0.2
2717,0.3250463983701898,1,0.2
2718,0.22324396472370794,0,0.2
2719,0.21469753707812772,0,0.2
2720,0.7434991419565141,0,0.2
2721,0.7229453801968694,1,0.2
2722,0.21268201021674485,0,0.2
2723,0.549312523663265,1,0.2
2724,0.23518372341694693,1,0.2
2725,0.20668361280837505,1,0.2
2726,0.28032121677191546,0,0.2
2727,0.5503764250438827,1,0.2
2728,0.5943722628483915,0,0.2
2729,0.6804674094508316,1,0.2
2730,0.7600027178972626,1,0.2
2731,0.04224312419981067,0,0.2
2732,0.19123640374349263,0,0.2
2733,0.20032307122195872,0,0.2
2734,0.11908703666481008,0,0.2
2735,0.6164590175485051,0,0.2
2736,0.9512473819287619,1,0.2
2737,0.788976394919446,0,0.2
2738,0.7377163393841172,1,0.2
2739,0.4842495655541915,0,0.2
2740,0.4573073856153045,1,0.2
2741,0.5521948419612639,1,0.2
2742,0.4402118660695523,1,0.2
2743,0.8032043624714843,1,0.2
2744,0.8352853936921676,1,0.2
2745,0.17292035924726043,0,0.2
2746,0.4618300552361164,1,0.2
2747,0.8659568511637739,1,0.2
2748,0.6559826269765108,0,0.2
2749,0.296040209294893,0,0.2
2750,0.35349899520591044,0,0.2
2751,0.7201500879921077,1,0.2
2752,0.2080548509485058,0,0.2
2753,0.18468999328607894,0,0.2
2754,0.13379237152224704,0,0.2
2755,0.5831840738667085,1,0.2
2756,0.21392201038308156,1,0.2
2757,0.9403353978033866,1,0.2
2758,0.3226010576922646,0,0.2
2759,0.6293999683125475,0,0.2
2760,0.6876486749501973,1,0.2
2761,0.9583424063728669,1,0.2
2762,0.2140830415717188,0,0.2
2763,0.5659946031733792,0,0.2
2764,0.45799581169541104,0,0.2
2765,0.36573520455101344,0,0.2
2766,0.26463954380573773,0,0.2
2767,0.13787615304302311,0,0.2
2768,0.6517364465127569,0,0.2
2769,0.8059363164254754,1,0.2
2770,0.16849027483039744,1,0.2
2771,0.14112950396833565,0,0.2
2772,0.7551125773454608,1,0.2
2773,0.9607862770633366,1,0.2
2774,0.2804984325482376,0,0.2
2775,0.36644562130153635,0,0.2
2776,0.8407430207007256,1,0.2
2777,0.7690083957766343,1,0.2
2778,0.3671471184111052,1,0.2
2779,0.576135497173073,0,0.2
2780,0.9568996052307062,1,0.2
2781,0.9091435840928659,1,0.2
2782,0.29601822927436533,0,0.2
2783,0.7421896355612578,1,0.2
2784,0.8284297996073773,1,0.2
2785,0.03952275806791101,1,0.2
2786,0.36315936894527345,0,0.2
2787,0.44171387319528466,1,0.2
2788,0.8299456402039179,1,0.2
2789,0.4320374198039919,0,0.2
2790,0.6805677668646272,1,0.2
2791,0.18426480551156957,0,0.2
2792,0.15585805305058528,1,0.2
2793,0.7274262687490416,1,0.2
2794,0.711672769961925,1,0.2
2795,0.0681140422368525,0,0.2
2796,0.12961198057178697,0,0.2
2797,0.20982169672806522,0,0.2
2798,0.6697241689443751,1,0.2
2799,0.12265286911241886,1,0.2
2800,0.7338215360544171,1,0.2
2801,0.08061695369288088,0,0.2
2802,0.5985489930782932,1,0.2
2803,0.7988325739951203,1,0.2
2804,0.09279635306978151,0,0.2
2805,0.11709545808232388,0,0.2
2806,0.08653519768103643,0,0.2
2807,0.13797554624211747,0,0.2
2808,0.9035719584417536,1,0.2
2809,0.16853725896047017,0,0.2
2810,0.7402783717282511,0,0.2
2811,0.6640053706387297,0,0.2
2812,0.7871776135973261,1,0.2
2813,0.8176348507941072,1,0.2
2814,0.22389826914458058,1,0.2
2815,0.6104869915494887,0,0.2
2816,0.8140769126598433,1,0.2
2817,0.24897349970614735,0,0.2
2818,0.5657387997153215,1,0.2
2819,0.814135960682171,1,0.2
2820,0.7153859099864288,0,0.2
2821,0.6993089903153574,1,0.2
2822,0.17797560395309572,0,0.2
2823,0.20328221313498848,0,0.2
2824,0.8175268997156281,1,0.2
2825,0.20627934937937598,1,0.2
2826,0.7767054481245133,0,0.2
2827,0.5334892166556651,1,0.2
2828,0.42931531545301077,1,0.2
2829,0.06280799694378553,1,0.2
2830,0.6688195505743539,1,0.2
2831,0.36725088514921694,0,0.2
2832,0.6988166545322083,0,0.2
2833,0.15287594657991388,0,0.2
2834,0.2670620100219444,0,0.2
2835,0.2107878109367748,1,0.2
2836,0.024788261335654933,0,0.2
2837,0.2022858460361967,0,0.2
2838,0.1385581341487086,0,0.2
2839,0.3043340576301226,0,0.2
2840,0.6671696993420957,0,0.2
2841,0.6166127055285762,0,0.2
2842,0.8778871021635295,0,0.2
2843,0.21504689296073248,1,0.2
2844,0.7015390968614994,1,0.2
2845,0.7527295489232809,1,0.2
2846,0.577274098258457,0,0.2
2847,0.8575421581136393,1,0.2
2848,0.5119102973668144,1,0.2
2849,0.043152313558442096,1,0.2
2850,0.7981339881148661,1,0.2
2851,0.6737150277712494,1,0.2
2852,0.6260405683944861,0,0.2
2853,0.7786222414566006,0,0.2
2854,0.8724560234490168,1,0.2
2855,0.128656547558122,0,0.2
2856,0.42956392786290987,0,0.2
2857,0.20679605049016003,0,0.2
2858,0.13536390777320517,1,0.2
2859,0.594100258116377,1,0.2
2860,0.6790061521030557,0,0.2
2861,0.5566244702036558,0,0.2
2862,0.7598047640670951,1,0.2
2863,0.9134080090273882,1,0.2
2864,0.14431437067042735,0,0.2
2865,0.9143244257782306,1,0.2
2866,0.5237881384528885,1,0.2
2867,0.591694650852975,0,0.2
2868,0.6943057115550245,1,0.2
2869,0.20420655132600002,0,0.2
2870,0.7230126170964174,1,0.2
2871,0.8337123595830781,0,0.2
2872,0.6798495782969831,1,0.2
2873,0.8226256510982435,1,0.2
2874,0.16744413721936552,0,0.2
2875,0.6394908700999954,1,0.2
2876,0.8124494506461293,0,0.2
2877,0.7871013525029993,0,0.2
2878,0.18413693552988875,0,0.2
2879,0.361346069783841,0,0.2
2880,0.04734033047948636,1,0.2
2881,0.39303466934222286,0,0.2
2882,0.37397347411237836,0,0.2
2883,0.3092071957151516,0,0.2
2884,0.5573885946134397,0,0.2
2885,0.766314285681956,0,0.2
2886,0.39473850605035354,0,0.2
2887,0.9563648269280971,1,0.2
2888,0.3488093187120877,0,0.2
2889,0.19475196941883605,1,0.2
2890,0.46808557515862115,1,0.2
2891,0.6526707278092758,0,0.2
2892,0.911788752252114,1,0.2
2893,0.17236154114537844,0,0.2
2894,0.8857701683522585,0,0.2
2895,0.6349334311087044,1,0.2
2896,0.6115673141936073,1,0.2
2897,0.5758384083483908,0,0.2
2898,0.8033550802198636,1,0.2
2899,0.3351446964722432,0,0.2
2900,0.7686774858139422,1,0.2
2901,0.2989383501762326,0,0.2
2902,0.07693337089506089,0,0.2
2903,0.22623742459927987,0,0.2
2904,0.7437956083717863,1,0.2
2905,0.7864374930112102,1,0.2
2906,0.7240872962742627,0,0.2
2907,0.7688116870266357,0,0.2
2908,0.3862906534686502,0,0.2
2909,0.2997225278146539,0,0.2
2910,0.44838294790110866,0,0.2
2911,0.8891424828941815,1,0.2
2912,0.04357589259197546,0,0.2
2913,0.5787301247615984,1,0.2
2914,0.5366408217002945,0,0.2
2915,0.9278253360737296,1,0.2
2916,0.23621894269688376,0,0.2
2917,0.6688729985123872,1,0.2
2918,0.33074772593675905,0,0.2
2919,0.8254971982331121,1,0.2
2920,0.4052981326287879,1,0.2
2921,0.5691612321212849,1,0.2
2922,0.2991134682847647,1,0.2
2923,0.46827202779746857,0,0.2
2924,0.7619670665789819,1,0.2
2925,0.3060272192410855,1,0.2
2926,0.2978528499114319,0,0.2
2927,0.6527555080005328,1,0.2
2928,0.4682217070666464,0,0.2
2929,0.27010987125147656,0,0.2
2930,0.7857343133599027,1,0.2
2931,0.40183111829629703,0,0.2
2932,0.6726702332811935,0,0.2
2933,0.09963412157842984,0,0.2
2934,0.9554030874635481,1,0.2
2935,0.5008894756326249,0,0.2
2936,0.8593483864388289,1,0.2
2937,0.7689444521635209,1,0.2
2938,0.3539678917551411,0,0.2
2939,0.2420091582567382,0,0.2
2940,0.7204633222221755,0,0.2
2941,0.18594392496166082,0,0.2
2942,0.8772624976973129,1,0.2
2943,0.30961133781528605,0,0.2
2944,0.815635455560249,0,0.2
2945,0.620422284133163,1,0.2
2946,0.041924930620474615,0,0.2
2947,0.25213760713035044,1,0.2
2948,0.8552822435072529,0,0.2
2949,0.24462616241648982,0,0.2
2950,0.5500077439136707,0,0.2
2951,0.7054489754751765,0,0.2
2952,0.46873455359629385,0,0.2
2953,0.2910574065590248,0,0.2
2954,0.7798149744175198,1,0.2
2955,0.5321291126688873,0,0.2
2956,0.286616540709451,1,0.2
2957,0.15743862606733486,0,0.2
2958,0.37026757297364443,1,0.2
2959,0.05095914486351687,0,0.2
2960,0.5198873852127521,1,0.2
2961,0.7512319850551952,0,0.2
2962,0.04939023142081581,0,0.2
2963,0.10418359445294469,0,0.2
2964,0.21129788524062865,0,0.2
2965,0.5600857098899097,0,0.2
2966,0.33788294907765537,0,0.2
2967,0.8721609920350986,1,0.2
2968,0.22360205843753983,0,0.2
2969,0.4390520028013182,0,0.2
2970,0.7188834115300018,0,0.2
2971,0.16270144834116151,0,0.2
2972,0.33047252950367934,0,0.2
2973,0.39729584075216784,1,0.2
2974,0.7648216377696614,1,0.2
2975,0.7684298957622377,0,0.2
2976,0.4539104659339038,1,0.2
2977,0.21326043524703114,0,0.2
2978,0.644507940719167,1,0.2
2979,0.09666104070870046,0,0.2
2980,0.35684352189940977,1,0.2
2981,0.3230674169939227,0,0.2
2982,0.5647136940861868,0,0.2
2983,0.4501460978449329,0,0.2
2984,0.39631566196125856,0,0.2
2985,0.27631464280874285,1,0.2
2986,0.39879057768547865,1,0.2
2987,0.6193381357449073,0,0.2
2988,0.5637570369019782,1,0.2
2989,0.28029326093061196,0,0.2
2990,0.3441375866020858,0,0.2
2991,0.1593008617120157,0,0.2
2992,0.1543118270026068,0,0.2
2993,0.7328878436178446,0,0.2
2994,0.5407733677263511,0,0.2
2995,0.42025332477527855,1,0.2
2996,0.47922629076148215,1,0.2
2997,0.045794597726397955,0,0.2
2998,0.45131958324410837,1,0.2
2999,0.5569725426676472,0,0.2
